instance_name,best_known_cost
1407.wcsp.log.wcnf,459570.0
20-100-frag12-85.wcnf,42.0
20-100-frag12-91.wcnf,43.0
20-100-frag12-97.wcnf,42.0
20-100-lambda100-48.wcnf,74.0
20-100-lambda100-96.wcnf,74.0
20-100-p100-49.wcnf,78.0
20-100-p100-54.wcnf,74.0
AES1-76-38.wcnf,1.0
AMAZON.wcnf,51608.0
BTBNSL_wt-Rounded_BTWBNSL_Flag.BIC_TWBound_3.wcnf,274985739.0
BTBNSL_wt-Rounded_BTWBNSL_Flag.BIC_TWBound_4.wcnf,274907339.0
BTBNSL_wt-Rounded_BTWBNSL_Hepatitis.BIC_TWBound4.wcnf,132258419.0
BTBNSL_wt-Rounded_BTWBNSL_Horse.BIC_TWBound_2.wcnf,452466275.0
BTBNSL_wt-Rounded_BTWBNSL_Water_1000_1_2.scores_TWBound_3.wcnf,1326306453.0
BTBNSL_wt-Rounded_BTWBNSL_Wine_TWBound_3.wcnf,127107900.0
BTBNSL_wt-Rounded_BTWBNSL_alarm_100_1_3.scores_TWBound_3.wcnf,136550600.0
BTBNSL_wt-Rounded_BTWBNSL_hailfinder_10000_1_3.scores_TWBound_3.wcnf,50007681202.0
BTBNSL_wt-Rounded_BTWBNSL_hailfinder_1000_1_3.scores_TWBound_2.wcnf,5247673868.0
BTBNSL_wt-Rounded_BTWBNSL_hailfinder_1000_1_3.scores_TWBound_3.wcnf,5253148479.0
BTBNSL_wt-Rounded_BTWBNSL_hailfinder_1000_1_3.scores_TWBound_4.wcnf,5247324551.0
BTBNSL_wt-Rounded_BTWBNSL_insurance_1000_1_3.scores_TWBound_3.wcnf,1388734978.0
BTBNSL_wt-Rounded_BTWBNSL_insurance_1000_1_3.scores_TWBound_4.wcnf,1388734978.0
BTBNSL_wt-Rounded_BTWBNSL_insurance_100_1_3.scores_TWBound_3.wcnf,170450495.0
BrazilInstance1.xml.wcnf,39.0
BrazilInstance2.xml.wcnf,5.0
BrazilInstance4.xml.wcnf,55.0
BrazilInstance5.xml.wcnf,20.0
BrazilInstance6.xml.wcnf,54.0
BrazilInstance7.xml.wcnf,96.0
CSG_wt-CSG140-140-6.wcnf,52385.0
CSG_wt-CSGNaive140-140-6.wcnf,56309.0
CircuitDebuggingProblems-rsdecoder-debug.dimacs.wcnf,1.0
CircuitDebuggingProblems-spi-debug.dimacs.wcnf,1.0
DBLP.wcnf,57081.0
FinlandSecondarySchool.xml.wcnf,108.0
GenHyperTW_aim-50-1_6-no-3.wcnf,10.0
GenHyperTW_aim-50-1_6-yes1-3.wcnf,10.0
GenHyperTW_aim-50-3_4-yes1-3.wcnf,15.0
GenHyperTW_atv_partial_system.wcnf,3.0
GenHyperTW_b01.wcnf,5.0
GenHyperTW_clique_15.wcnf,8.0
GenHyperTW_flat30-50.wcnf,26.0
GenHyperTW_flat30-99.wcnf,26.0
GenHyperTW_hole6.wcnf,7.0
GenHyperTW_hole8.wcnf,9.0
GenHyperTW_hole9.wcnf,10.0
GenHyperTW_par8-3-c.wcnf,8.0
GenHyperTW_par8-4-c.wcnf,8.0
GenHyperTW_par8-5-c.wcnf,9.0
GenHyperTW_pret60_25.wcnf,7.0
GenHyperTW_s208.wcnf,7.0
GenHyperTW_uf20-050.wcnf,6.0
GenHyperTW_uf20-099.wcnf,6.0
GreeceWesternGreeceUniversityInstance4.xml.wcnf,14.0
HaplotypeAssembly-splitedReads_0.matrix.wcnf,19.0
ItalyInstance1.xml.wcnf,12.0
ItalyInstance4.xml.wcnf,35.0
MANN_a27.clq.wcnf,404.0
MANN_a45.clq.wcnf,418.0
MANN_a81.clq.wcnf,399.0
MANN_a9.clq.wcnf,422.0
MLI.ionosphere_train_1_DNF_4_1.wcnf,23.0
MLI.twitter_train_1_CNF_4_1.wcnf,1805.0
MaxSATQueriesinInterpretableClassifiers-compas_train_5_DNF_5_1.wcnf,35.0
MaxSATQueriesinInterpretableClassifiers-credit_train_3_DNF_3_1.wcnf,35.0
MaxSATQueriesinInterpretableClassifiers-toms_test_5_DNF_5_1.wcnf,42.0
MaxSATQueriesinInterpretableClassifiers-toms_train_8_DNF_2_1.wcnf,42.0
MaxSATQueriesinInterpretableClassifiers-twitter_train_2_CNF_4_1.wcnf,1742.0
MaxSATQueriesinInterpretableClassifiers-twitter_train_3_CNF_2_1.wcnf,42.0
MaxSATQueriesinInterpretableClassifiers-twitter_train_9_CNF_1_1.wcnf,1812.0
MaxSATQueriesinInterpretableClassifiers-wdbc_train_9_CNF_5_1.wcnf,21.0
MaxSATQueriesinInterpretableClassifiers_wt-compas_train_2_CNF_3_15.wcnf,31514.0
MaxSATQueriesinInterpretableClassifiers_wt-credit_train_8_CNF_5_20.wcnf,96740.0
MaxSATQueriesinInterpretableClassifiers_wt-heart_train_1_CNF_3_5.wcnf,171.0
MaxSATQueriesinInterpretableClassifiers_wt-pima_train_6_CNF_3_20.wcnf,2757.0
MaxSATQueriesinInterpretableClassifiers_wt-toms_test_2_CNF_3_20.wcnf,133.0
MaxSATQueriesinInterpretableClassifiers_wt-twitter_train_5_CNF_4_10.wcnf,14343.0
MinFill_R0_miles1500.wcnf,218.0
MinFill_R0_mulsol.i.5.wcnf,240.0
MinFill_R0_myciel5.wcnf,196.0
MinFill_R0_myciel6.wcnf,753.0
MinFill_R0_myciel7.wcnf,3322.0
MinFill_R0_queen11_11.wcnf,4250.0
MinFill_R0_queen5_5.wcnf,93.0
MinFill_R0_queen6_6.wcnf,231.0
MinFill_R0_queen7_7.wcnf,495.0
MinFill_R0_queen8_8.wcnf,959.0
MinFill_R0_queen9_9.wcnf,1696.0
MinFill_R1_games120.wcnf,1925.0
MinFill_R3_miles750.wcnf,484.0
MinFill_R4_miles500.wcnf,381.0
MinWidthCB_mitdbsample_200_64_1k_10s_2t_12.wcnf,58625.0
MinWidthCB_mitdbsample_200_64_1k_10s_3t_12.wcnf,54585.0
MinWidthCB_mitdbsample_300_26_1k_3s_2t_5.wcnf,30100.0
MinWidthCB_mitdbsample_300_26_1k_6s_1t_8.wcnf,31195.0
MinWidthCB_mitdbsample_300_64_1k_3s_1t_5.wcnf,79270.0
MinWidthCB_mitdbsample_300_64_1k_6s_1t_8.wcnf,75240.0
MinWidthCB_power_1000_24_1k_20s_2t_22.wcnf,75967.0
MinWidthCB_power_600_24_1k_6s_1t_8.wcnf,82282.0
MinimumWeightDominatingSetProblem_wt-bn-human-BNU_1_0025865_session_1-bg.wcnf,119324637.0
MinimumWeightDominatingSetProblem_wt-channel-500x100x100-b050.wcnf,26428471.0
MinimumWeightDominatingSetProblem_wt-delaunay_n24.wcnf,205096864.0
MinimumWeightDominatingSetProblem_wt-hugebubbles-00020.wcnf,469941470.0
MinimumWeightDominatingSetProblem_wt-inf-road-usa.wcnf,624089416.0
MinimumWeightDominatingSetProblem_wt-rgg_n_2_24_s0.wcnf,33573460.0
MinimumWeightDominatingSetProblem_wt-sc-rel9.wcnf,11193466.0
MinimumWeightDominatingSetProblem_wt-soc-livejournal-user-groups.wcnf,86090251.0
MinimumWeightDominatingSetProblem_wt-socfb-uci-uni.wcnf,-1.0
MinimumWeightDominatingSetProblem_wt-web-wikipedia2009.wcnf,26848127.0
MultiDay_1.wcnf,73971.0
MultiDay_1_weighted.wcnf,80708.0
MultiDay_2_weighted.wcnf,461782.0
MultiDay_3.wcnf,152940.0
MultiDay_3_weighted.wcnf,1056276.0
MultiDay_4.wcnf,185492.0
MultiDay_4_weighted.wcnf,2022668.0
ParametricRBACMaintenance_mse20_wt-role_domino_multiple_0.1_1.wcnf,38388.0
ParametricRBACMaintenance_mse20_wt-role_domino_multiple_0.1_8.wcnf,39876.0
ParametricRBACMaintenance_mse20_wt-role_domino_multiple_0.2_0.wcnf,66679.0
ParametricRBACMaintenance_mse20_wt-role_domino_multiple_0.3_1.wcnf,97098.0
ParametricRBACMaintenance_mse20_wt-role_domino_multiple_0.3_9.wcnf,92485.0
ParametricRBACMaintenance_mse20_wt-role_domino_multiple_0.4_0.wcnf,123081.0
ParametricRBACMaintenance_mse20_wt-role_domino_multiple_0.4_1.wcnf,122327.0
ParametricRBACMaintenance_mse20_wt-role_domino_multiple_0.5_1.wcnf,141495.0
ParametricRBACMaintenance_mse20_wt-role_domino_multiple_0.5_6.wcnf,135356.0
ParametricRBACMaintenance_mse20_wt-role_domino_multiple_0.5_7.wcnf,135735.0
ParametricRBACMaintenance_mse20_wt-role_domino_multiple_0.6_8.wcnf,157083.0
ParametricRBACMaintenance_mse20_wt-role_domino_multiple_0.7_0.wcnf,169656.0
ParametricRBACMaintenance_mse20_wt-role_domino_multiple_0.7_7.wcnf,160970.0
ParametricRBACMaintenance_mse20_wt-role_smallcomp_multiple_0.1_9.wcnf,107667.0
ParametricRBACMaintenance_mse20_wt-role_smallcomp_multiple_0.4_2.wcnf,193813.0
ParametricRBACMaintenance_mse20_wt-role_smallcomp_multiple_0.5_2.wcnf,224309.0
ParametricRBACMaintenance_mse20_wt-role_smallcomp_multiple_0.7_2.wcnf,277373.0
ParametricRBACMaintenance_mse20_wt-role_smallcomp_multiple_0.7_6.wcnf,252179.0
ParametricRBACMaintenance_mse20_wt-role_smallcomp_multiple_0.8_0.wcnf,313158.0
ParametricRBACMaintenance_mse20_wt-role_smallcomp_multiple_0.8_1.wcnf,350461.0
ParametricRBACMaintenance_mse20_wt-role_smallcomp_multiple_0.8_2.wcnf,296197.0
ParametricRBACMaintenance_mse20_wt-role_smallcomp_multiple_0.8_6.wcnf,267394.0
ParametricRBACMaintenance_mse20_wt-role_smallcomp_multiple_0.9_6.wcnf,281387.0
ParametricRBACMaintenance_mse20_wt-role_university_multiple_0.1_1.wcnf,59348.0
ParametricRBACMaintenance_mse20_wt-role_university_multiple_0.4_7.wcnf,170778.0
ParametricRBACMaintenance_mse20_wt-role_university_multiple_0.5_4.wcnf,201580.0
ParametricRBACMaintenance_mse20_wt-role_university_multiple_0.5_5.wcnf,179422.0
ParametricRBACMaintenance_mse20_wt-role_university_multiple_0.5_7.wcnf,175138.0
Q12_OPTIONS_1.wcnf,11.0
Q13_OPTIONS_1.wcnf,21.0
Q22_OPTIONS_1.wcnf,28.0
Q34_OPTIONS_1.wcnf,3.0
Q6_YESNO_1.wcnf,2.0
Rounded_BTWBNSL_Flag.BIC_TWBound_2.wcnf,275563587.0
Rounded_BTWBNSL_Flag.BIC_TWBound_4.wcnf,274907339.0
Rounded_BTWBNSL_Housing_TWBound_2.wcnf,330970294.0
Rounded_BTWBNSL_Voting_TWBound_3.wcnf,464263033.0
Rounded_BTWBNSL_Voting_TWBound_4.wcnf,464263033.0
Rounded_BTWBNSL_Water_1000_1_2.scores_TWBound_4.wcnf,1326306453.0
Rounded_BTWBNSL_adult15N_TWBound_2.wcnf,35193743264.0
Rounded_BTWBNSL_hailfinder_10000_1_3.scores_TWBound_3.wcnf,50007681202.0
Rounded_BTWBNSL_hailfinder_10000_1_3.scores_TWBound_4.wcnf,49927755584.0
Rounded_BTWBNSL_hailfinder_1000_1_3.scores_TWBound_2.wcnf,5247673868.0
Rounded_BTWBNSL_insurance_1000_1_3.scores_TWBound_2.wcnf,1389279780.0
Rounded_BTWBNSL_insurance_1000_1_3.scores_TWBound_3.wcnf,1388734978.0
Rounded_BTWBNSL_insurance_1000_1_3.scores_TWBound_4.wcnf,1388734978.0
Rounded_BTWBNSL_insurance_100_1_3.scores_TWBound_2.wcnf,170760179.0
Rounded_CorrelationClustering_Ecoli_BINARY_N240_D0.200.wcnf,17428696.0
Rounded_CorrelationClustering_Ionosphere_BINARY_N200_D0.200.wcnf,4604640.0
Rounded_CorrelationClustering_Ionosphere_BINARY_N280_D0.200.wcnf,7196920.0
Rounded_CorrelationClustering_Protein2_BINARY_N380.wcnf,36725121.0
Rounded_CorrelationClustering_Protein2_BINARY_N400.wcnf,39856439.0
Rounded_CorrelationClustering_Protein4_UNARY_N230.wcnf,5567863.0
Rounded_CorrelationClustering_Protein4_UNARY_N250.wcnf,7581560.0
SAT11__application__fuhs__AProVE11__AProVE11-09.cnf.wcnf.2.wcnf,1331.0
SAT11__application__fuhs__AProVE11__AProVE11-09.cnf.wcnf.3.wcnf,1312.0
SAT11__application__fuhs__AProVE11__AProVE11-10.cnf.wcnf.3.wcnf,1028.0
SAT11__application__rintanen__SATPlanning__blocks-blocks-36-0.170-NOTKNOWN.cnf.wcnf.6.wcnf,48.0
SM_AS_TOP_buggy1.dimacs.filtered.wcnf,57.0
SM_MAIN_MEM_buggy1.dimacs.filtered.wcnf,390.0
SU-100kb__simp-genos.haps.1.wcnf,53.0
SU-100kb__simp-genos.haps.12.wcnf,66.0
SU-100kb__simp-genos.haps.21.wcnf,57.0
SU-100kb__simp-genos.haps.22.wcnf,63.0
SU-100kb__simp-genos.haps.3.wcnf,53.0
SU3__simp-genos.haps.63.wcnf,88.0
SU3__simp-genos.haps.80.wcnf,102.0
SU3__simp-genos.haps.9.wcnf,106.0
SeanSafarpour-b15-bug-fourvec-gate-0.dimacs.seq.filtered.wcnf,4.0
SeanSafarpour-mem_ctrl-problem.dimacs_27.filtered.wcnf,1.0
SeanSafarpour-rsdecoder-problem.dimacs_37.filtered.wcnf,1.0
SeanSafarpour-rsdecoder-problem.dimacs_39.filtered.wcnf,1.0
SeanSafarpour-rsdecoder1_blackbox_KESblock-problem.dimacs_30.filtered.wcnf,2.0
SeanSafarpour-rsdecoder4.dimacs.filtered.wcnf,4.0
SeanSafarpour-rsdecoder5.dimacs.filtered.wcnf,2.0
SeanSafarpour-wb_4m8s1.dimacs.filtered.wcnf,33.0
SeanSafarpour-wb_4m8s4.dimacs.filtered.wcnf,213.0
SingleDay_15.wcnf,25572.0
SingleDay_3.wcnf,9448.0
SingleDay_37.wcnf,82490.0
SingleDay_37_weighted.wcnf,44250946.0
Subnetwork_7.wcnf,6393.0
Subnetwork_9.wcnf,7903.0
SwitchingActivityMaximization_OpenRISC1200_100.wcnf,20.0
SwitchingActivityMaximization_OpenRISC1200_150.wcnf,66.0
SwitchingActivityMaximization_OpenRISC1200_200.wcnf,107.0
SwitchingActivityMaximization_OpenRISC1200_66.wcnf,2.0
SwitchingActivityMaximization_OpenRISC1200_68.wcnf,9.0
SwitchingActivityMaximization_OpenRISC1200_70.wcnf,6.0
SwitchingActivityMaximization_OpenRISC1200_72.wcnf,2.0
SwitchingActivityMaximization_OpenRISC1200_74.wcnf,16.0
SwitchingActivityMaximization_OpenRISC1200_76.wcnf,10.0
SwitchingActivityMaximization_OpenRISC1200_80.wcnf,12.0
SwitchingActivityMaximization_OpenRISC1200_90.wcnf,22.0
TWComp_1c75_N69.wcnf,29.0
TWComp_mulsol.i.5-pp_N119.wcnf,31.0
TWComp_myciel5_N47.wcnf,19.0
TWComp_queen5_5_N25.wcnf,18.0
YOUTUBE.wcnf,86376.0
abstraction-refinement_wt-downcast-antlr.wcnf,76250.0
abstraction-refinement_wt-downcast-avrora.wcnf,46642.0
abstraction-refinement_wt-downcast-hsqldb.wcnf,30207.0
abstraction-refinement_wt-downcast-pmd.wcnf,4227.0
abstraction-refinement_wt-downcast-xalan.wcnf,65491.0
abstraction-refinement_wt-polysite-avrora.wcnf,51801.0
abstraction-refinement_wt-polysite-bloat.wcnf,36.0
abstraction-refinement_wt-polysite-hsqldb.wcnf,172382.0
abstraction-refinement_wt-polysite-lusearch.wcnf,421456.0
abstraction-refinement_wt-polysite-pmd.wcnf,188398.0
abstraction-refinement_wt-polysite-xalan.wcnf,114620.0
adult_train_0_CNF_5_20.wcnf,80411.0
adult_train_3_CNF_4_5.wcnf,21056.0
adult_train_3_CNF_5_1.wcnf,4912.0
aes-mul_8_11.wcnf,64.0
aes-mul_8_13.wcnf,60.0
aes-mul_8_14.wcnf,56.0
aes-mul_8_3.wcnf,36.0
aes-mul_8_9.wcnf,42.0
aes-sbox_8.wcnf,303.0
af-synthesis_stb_50_100_3.wcnf,104.0
af-synthesis_stb_50_120_3.wcnf,100.0
af-synthesis_stb_50_140_1.wcnf,127.0
af-synthesis_stb_50_140_8.wcnf,113.0
af-synthesis_stb_50_160_5.wcnf,113.0
af-synthesis_stb_50_180_1.wcnf,130.0
af-synthesis_stb_50_200_4.wcnf,105.0
af-synthesis_stb_50_200_5.wcnf,102.0
af-synthesis_stb_50_200_6.wcnf,111.0
af-synthesis_stb_50_20_8.wcnf,120.0
af-synthesis_stb_50_40_8.wcnf,117.0
af-synthesis_stb_50_60_3.wcnf,115.0
af-synthesis_stb_50_80_7.wcnf,115.0
af-synthesis_stb_50_80_8.wcnf,116.0
af-synthesis_wt-af-synthesis_stb_50_100_4.wcnf,123.0
af-synthesis_wt-af-synthesis_stb_50_120_5.wcnf,114.0
af-synthesis_wt-af-synthesis_stb_50_140_0.wcnf,120.0
af-synthesis_wt-af-synthesis_stb_50_140_1.wcnf,127.0
af-synthesis_wt-af-synthesis_stb_50_140_7.wcnf,109.0
af-synthesis_wt-af-synthesis_stb_50_160_1.wcnf,108.0
af-synthesis_wt-af-synthesis_stb_50_160_5.wcnf,113.0
af-synthesis_wt-af-synthesis_stb_50_160_9.wcnf,113.0
af-synthesis_wt-af-synthesis_stb_50_200_0.wcnf,124.0
af-synthesis_wt-af-synthesis_stb_50_200_5.wcnf,102.0
af-synthesis_wt-af-synthesis_stb_50_20_4.wcnf,117.0
af-synthesis_wt-af-synthesis_stb_50_20_8.wcnf,120.0
af-synthesis_wt-af-synthesis_stb_50_40_0.wcnf,111.0
af-synthesis_wt-af-synthesis_stb_50_40_6.wcnf,115.0
af-synthesis_wt-af-synthesis_stb_50_40_8.wcnf,117.0
ann.formula_0.8_2021_atleast_15_max-3_reduced_incomplete_adaboost_2.wcnf,161.0
ann.formula_0.8_2021_atleast_31_max-4_reduced_incomplete_adaboost_4.wcnf,314.0
ann.formula_0.8_2021_atleast_31_max-4_reduced_incomplete_tree.wcnf,83.0
ann.formula_0.8_2021_atleast_63_max-5_reduced_incomplete_adaboost_4.wcnf,255.0
atcoss-atcoss_mesat_02.wcnf,50.0
atcoss-atcoss_mesat_15.wcnf,40.0
atcoss-atcoss_sugar_05.wcnf,10.0
atcoss-atcoss_sugar_15.wcnf,28.0
atcoss_mesat_02.wcnf,50.0
atcoss_mesat_03.wcnf,50.0
atcoss_mesat_04.wcnf,30.0
atcoss_mesat_05.wcnf,10.0
atcoss_mesat_10.wcnf,13.0
atcoss_mesat_15.wcnf,40.0
atcoss_mesat_18.wcnf,12.0
atcoss_sugar_02.wcnf,50.0
atcoss_sugar_03.wcnf,50.0
atcoss_sugar_04.wcnf,30.0
atcoss_sugar_05.wcnf,10.0
atcoss_sugar_10.wcnf,13.0
atcoss_sugar_15.wcnf,28.0
atcoss_sugar_18.wcnf,12.0
aus.formula_0.8_2021_atleast_127_max-6_reduced_incomplete_adaboost_3.wcnf,207.0
aus.formula_0.8_2021_atleast_15_max-3_reduced_incomplete_adaboost_4.wcnf,307.0
aus.formula_0.8_2021_atleast_31_max-4_reduced_incomplete_adaboost_4.wcnf,319.0
aus.formula_0.8_2021_atleast_31_max-4_reduced_incomplete_tree.wcnf,59.0
aus.formula_0.8_2021_atleast_63_max-5_reduced_incomplete_adaboost_5.wcnf,283.0
aus.formula_0.8_2021_atleast_63_max-5_reduced_incomplete_adaboost_6.wcnf,288.0
australian.wcnf,452.0
b14_C-mbd14-0277.wcnf,24.0
b14_C-mbd14-0337.wcnf,24.0
b14_C-mbd14-0388.wcnf,20.0
b21_C-mbd14-0218.wcnf,26.0
b21_C-mbd14-0322.wcnf,25.0
bcp-SU3__simp-genos.haps.9.wcnf,106.0
bf2030fvslack.wcnf,245250.0
bip.maxcut-140-630-0.7-13.wcnf,169.0
bip.maxcut-140-630-0.7-37.wcnf,170.0
bip.maxcut-140-630-0.7-42.wcnf,161.0
bip.maxcut-140-630-0.7-44.wcnf,163.0
bip.maxcut-140-630-0.8-24.wcnf,165.0
bn-human-BNU_1_0025865_session_1-bg.wcnf,119324637.0
bnn_mnist_0_label7_adversarial_norm_inf_totalizer.wcnf,1.0
bnn_mnist_11_label6_adversarial_norm_inf_totalizer.wcnf,1.0
bnn_mnist_17_label7_adversarial_norm_inf_totalizer.wcnf,1.0
bnn_mnist_1_label2_adversarial_norm_inf_totalizer.wcnf,1.0
bnn_mnist_30_label3_adversarial_norm_inf_totalizer.wcnf,1.0
bnn_mnist_back_image_12_label6_adversarial_norm_inf_totalizer.wcnf,91.0
bnn_mnist_back_image_14_label9_adversarial_norm_inf_totalizer.wcnf,1.0
bnn_mnist_back_image_32_label3_adversarial_norm_inf_totalizer.wcnf,2.0
bnn_mnist_back_image_3_label6_adversarial_norm_inf_totalizer.wcnf,87.0
bnn_mnist_back_image_5_label2_adversarial_norm_inf_totalizer.wcnf,3.0
bnn_mnist_back_image_9_label1_adversarial_norm_inf_totalizer.wcnf,44.0
bnn_mnist_rot_15_label8_adversarial_norm_inf_totalizer.wcnf,1.0
bnn_mnist_rot_1_label0_adversarial_norm_inf_totalizer.wcnf,1.0
bnn_mnist_rot_7_label2_adversarial_norm_inf_totalizer.wcnf,1.0
bre-res-str.formula_0.8_2021_atleast_127_max-6_reduced_incomplete_tree.wcnf,5.0
brock200_3.clq.wcnf,214.0
brock200_4.clq.wcnf,1105.0
brock400_1.clq.wcnf,375.0
brock400_3.clq.wcnf,1259.0
brock400_4.clq.wcnf,367.0
brock800_2.clq.wcnf,781.0
brock800_3.clq.wcnf,1079.0
bupa.wcnf,294.0
c-fat500-10.clq.wcnf,200.0
car.formula_0.8_2021_atleast_127_max-6_reduced_incomplete_tree.wcnf,42.0
car.formula_0.8_2021_atleast_15_max-3_reduced_incomplete_adaboost_2.wcnf,232.0
car.formula_0.8_2021_atleast_15_max-3_reduced_incomplete_tree.wcnf,143.0
causal-discovery-causal_n6_i1_N500_uai13_harddeps_int.wcnf,1.0
causal-discovery_wt-causal_Bands_6_277.wcnf,91349.0
causal-discovery_wt-causal_Link_10_1000.wcnf,1917853.0
causal-discovery_wt-causal_Link_10_10000.wcnf,3948771.0
causal-discovery_wt-causal_Link_9_100.wcnf,1516100.0
causal-discovery_wt-causal_Mildew_8_1000.wcnf,69443335.0
causal-discovery_wt-causal_Mushroom_7_1000.wcnf,191732.0
causal-discovery_wt-causal_Pigs_6_1000.wcnf,18211446.0
causal-discovery_wt-causal_Water_10_100.wcnf,1885872.0
causal-discovery_wt-causal_Water_10_1000.wcnf,11339025.0
causal-discovery_wt-causal_alarm_9_1000.wcnf,1233992.0
causal-discovery_wt-causal_carpo_8_1000.wcnf,681472.0
causal-discovery_wt-causal_hailfinder_7_100.wcnf,2036684.0
causal-discovery_wt-causal_insurance_8_10000.wcnf,38605539.0
causal-discovery_wt-causal_n6_i2_N500_uai13_log_int.wcnf,877436991.0
causal-discovery_wt-causal_n7_i4_N500_uai14_log_int.wcnf,37532020924.0
causal_Heart_10_212.wcnf,1453924.0
causal_Link_10_1000.wcnf,1917853.0
causal_Statlog_7_752.wcnf,380356.0
causal_insurance_9_100.wcnf,3211332.0
cellda_x_10.wcnf,9.0
cellda_x_12.wcnf,9.0
cellda_y_10.wcnf,6.0
channel-500x100x100-b050.wcnf,26428471.0
cleveland.wcnf,412.0
close_solutions-SAT04__industrial__velev__pipe-sat-1-1__12pipe_bug4_q0.used-as.sat04-723.cnf.wcnf.8.wcnf,2.0
close_solutions-SAT04__industrial__velev__pipe-sat-1-1__12pipe_bug6_q0.used-as.sat04-725.cnf.wcnf.3.wcnf,2.0
close_solutions-SAT07__industrial__vliw_sat_4.0__9vliw_m_9stages_iq3_C1_bug6.cnf.wcnf.4.wcnf,2.0
close_solutions-SAT11__application__fuhs__AProVE11__AProVE11-16.cnf.wcnf.1.wcnf,2.0
close_solutions-SAT_RACE06__velev-pipe-sat-1.0-b9.cnf.wcnf.8.wcnf,2.0
cnf.19.p.10.wcnf,6.0
cnf.20.p.10.wcnf,20.0
cnf.20.p.8.wcnf,20.0
cnf_10.wcnf,50.0
cnf_12.wcnf,61.0
cnf_small.wcnf,28.0
colic.wcnf,163.0
comp01.wcnf,-1.0
comp02.wcnf,24.0
comp05.wcnf,406.0
comp06.lp.sm-extracted.wcnf,14.0
comp07.wcnf,6.0
comp09.wcnf,96.0
comp12.wcnf,396.0
comp15.wcnf,67.0
comp18.wcnf,62.0
comp21.wcnf,74.0
compas_train_0_CNF_5_5.wcnf,10377.0
compas_train_4_DNF_4_1.wcnf,2087.0
compas_train_4_DNF_5_1.wcnf,2083.0
correlation-clustering_wt-Rounded_CorrelationClustering_Ionosphere_BINARY_N260_D0.200.wcnf,6617532.0
correlation-clustering_wt-Rounded_CorrelationClustering_Ionosphere_BINARY_N280_D0.200.wcnf,7176694.0
correlation-clustering_wt-Rounded_CorrelationClustering_Ionosphere_BINARY_N300_D0.200.wcnf,8082075.0
correlation-clustering_wt-Rounded_CorrelationClustering_Protein1_BINARY_N320.wcnf,19711940.0
correlation-clustering_wt-Rounded_CorrelationClustering_Protein1_BINARY_N400.wcnf,32719676.0
correlation-clustering_wt-Rounded_CorrelationClustering_Protein1_TRANSITIVE_N270.wcnf,15714757.0
correlation-clustering_wt-Rounded_CorrelationClustering_Protein1_UNARY_N250.wcnf,14205411.0
correlation-clustering_wt-Rounded_CorrelationClustering_Protein1_UNARY_N290.wcnf,17655241.0
correlation-clustering_wt-Rounded_CorrelationClustering_Protein2_BINARY_N220.wcnf,13727551.0
correlation-clustering_wt-Rounded_CorrelationClustering_Protein2_BINARY_N240.wcnf,16021618.0
correlation-clustering_wt-Rounded_CorrelationClustering_Protein2_BINARY_N380.wcnf,37207438.0
correlation-clustering_wt-Rounded_CorrelationClustering_Protein2_UNARY_N220.wcnf,13727551.0
correlation-clustering_wt-Rounded_CorrelationClustering_Protein3_TRANSITIVE_N200.wcnf,12826525.0
correlation-clustering_wt-Rounded_CorrelationClustering_Protein3_TRANSITIVE_N220.wcnf,13890288.0
correlation-clustering_wt-Rounded_CorrelationClustering_Protein3_TRANSITIVE_N280.wcnf,19642136.0
correlation-clustering_wt-Rounded_CorrelationClustering_Protein3_UNARY_N220.wcnf,13890288.0
correlation-clustering_wt-Rounded_CorrelationClustering_Protein4_BINARY_N320.wcnf,12791810.0
correlation-clustering_wt-Rounded_CorrelationClustering_Protein4_BINARY_N360.wcnf,15658391.0
correlation-clustering_wt-Rounded_CorrelationClustering_Protein4_BINARY_N400.wcnf,18303251.0
correlation-clustering_wt-Rounded_CorrelationClustering_Protein4_TRANSITIVE_N190.wcnf,3553940.0
correlation-clustering_wt-Rounded_CorrelationClustering_Protein4_UNARY_N250.wcnf,7581560.0
correlation-clustering_wt-Rounded_CorrelationClustering_Vowel_BINARY_N700_D0.200.wcnf,72335832.0
correlation-clustering_wt-Rounded_CorrelationClustering_Vowel_BINARY_N800_D0.200.wcnf,85899691.0
cra-scp.scpclr13_maxsat.wcnf,23.0
cra-scp.scpcyc10_maxsat.wcnf,1838.0
credit_test_0_CNF_4_1.wcnf,517.0
credit_test_9_CNF_4_10.wcnf,5151.0
credit_train_0_CNF_2_1.wcnf,5307.0
credit_train_1_CNF_3_1.wcnf,5603.0
credit_train_1_DNF_3_1.wcnf,5991.0
credit_train_4_CNF_5_1.wcnf,4891.0
credit_train_6_DNF_3_1.wcnf,4884.0
credit_train_8_CNF_5_15.wcnf,72411.0
d4.wcnf,2401.0
data.135.wcnf,103.0
data.243.wcnf,198.0
data.405.wcnf,336.0
data.729.wcnf,617.0
dds4.wcnf,-1.0
decision-tree-anneal-un-formula_0.8_2021_atleast_127_max-6_reduced_incomplete_tree.wcnf,86.0
decision-tree-anneal-un-formula_0.8_2021_atleast_31_max-4_reduced_incomplete_adaboost_3.wcnf,284.0
decision-tree-anneal-un-formula_0.8_2021_atleast_31_max-4_reduced_incomplete_adaboost_5.wcnf,487.0
decision-tree-australian-credit-un-formula_0.8_2021_atleast_127_max-6_reduced_incomplete_tree.wcnf,4.0
decision-tree-australian-credit-un-formula_0.8_2021_atleast_15_max-3_reduced_incomplete_adaboost_2.wcnf,131.0
decision-tree-australian-credit-un-formula_0.8_2021_atleast_15_max-3_reduced_incomplete_adaboost_5.wcnf,390.0
decision-tree-australian-credit-un-formula_0.8_2021_atleast_31_max-4_reduced_incomplete_adaboost_5.wcnf,369.0
decision-tree-australian-credit-un-formula_0.8_2021_atleast_63_max-5_reduced_incomplete_adaboost_3.wcnf,186.0
decision-tree-australian-credit-un-formula_0.8_2021_atleast_63_max-5_reduced_incomplete_adaboost_5.wcnf,309.0
decision-tree-australian-credit-un-formula_0.8_2021_atleast_63_max-5_reduced_incomplete_tree.wcnf,4.0
decision-tree-breast-cancer-un-formula_0.8_2021_atleast_127_max-6_reduced_incomplete_tree.wcnf,4.0
decision-tree-breast-cancer-un-formula_0.8_2021_atleast_15_max-3_reduced_incomplete_tree.wcnf,19.0
decision-tree-car-un-formula_0.8_2021_atleast_15_max-3_reduced_incomplete_tree.wcnf,4.0
decision-tree-car-un-formula_0.8_2021_atleast_31_max-4_reduced_incomplete_tree.wcnf,109.0
decision-tree-car-un-formula_0.8_2021_atleast_63_max-5_reduced_incomplete_tree.wcnf,70.0
decision-tree-heart-cleveland-un-formula_0.8_2021_atleast_127_max-6_reduced_incomplete_adaboost_2.wcnf,36.0
decision-tree-heart-cleveland-un-formula_0.8_2021_atleast_127_max-6_reduced_incomplete_adaboost_5.wcnf,93.0
decision-tree-heart-cleveland-un-formula_0.8_2021_atleast_15_max-3_reduced_incomplete_adaboost_4.wcnf,93.0
decision-tree-heart-cleveland-un-formula_0.8_2021_atleast_15_max-3_reduced_incomplete_adaboost_5.wcnf,122.0
decision-tree-heart-cleveland-un-formula_0.8_2021_atleast_15_max-3_reduced_incomplete_adaboost_6.wcnf,174.0
decision-tree-heart-cleveland-un-formula_0.8_2021_atleast_15_max-3_reduced_incomplete_tree.wcnf,31.0
decision-tree-heart-cleveland-un-formula_0.8_2021_atleast_31_max-4_reduced_incomplete_adaboost_4.wcnf,83.0
decision-tree-heart-cleveland-un-formula_0.8_2021_atleast_31_max-4_reduced_incomplete_adaboost_6.wcnf,139.0
decision-tree-heart-cleveland-un-formula_0.8_2021_atleast_63_max-5_reduced_incomplete_tree.wcnf,28.0
decision-tree-hypothyroid-un-formula_0.8_2021_atleast_127_max-6_reduced_incomplete_tree.wcnf,4.0
decision-tree-hypothyroid-un-formula_0.8_2021_atleast_63_max-5_reduced_incomplete_tree.wcnf,41.0
decision-tree-kr-vs-kp-un-formula_0.8_2021_atleast_127_max-6_reduced_incomplete_tree.wcnf,4.0
decision-tree-kr-vs-kp-un-formula_0.8_2021_atleast_31_max-4_reduced_incomplete_tree.wcnf,4.0
decision-tree-kr-vs-kp-un-formula_0.8_2021_atleast_63_max-5_reduced_incomplete_tree.wcnf,164.0
decision-tree-lymph-un-formula_0.8_2021_atleast_31_max-4_reduced_incomplete_tree.wcnf,5.0
decision-tree-mushroom-un-formula_0.8_2021_atleast_127_max-6_reduced_incomplete_tree.wcnf,0.0
decision-tree-mushroom-un-formula_0.8_2021_atleast_15_max-3_reduced_incomplete_tree.wcnf,7.0
decision-tree-primary-tumor-un-formula_0.8_2021_atleast_127_max-6_reduced_incomplete_adaboost_2.wcnf,53.0
decision-tree-primary-tumor-un-formula_0.8_2021_atleast_127_max-6_reduced_incomplete_adaboost_4.wcnf,77.0
decision-tree-primary-tumor-un-formula_0.8_2021_atleast_15_max-3_reduced_incomplete_adaboost_2.wcnf,67.0
decision-tree-primary-tumor-un-formula_0.8_2021_atleast_31_max-4_reduced_incomplete_adaboost_3.wcnf,108.0
decision-tree-primary-tumor-un-formula_0.8_2021_atleast_31_max-4_reduced_incomplete_adaboost_4.wcnf,119.0
decision-tree-primary-tumor-un-formula_0.8_2021_atleast_63_max-5_reduced_incomplete_adaboost_4.wcnf,124.0
decision-tree-primary-tumor-un-formula_0.8_2021_atleast_63_max-5_reduced_incomplete_adaboost_5.wcnf,174.0
decision-tree-primary-tumor-un-formula_0.8_2021_atleast_63_max-5_reduced_incomplete_adaboost_6.wcnf,255.0
decision-tree-soybean-un-formula_0.8_2021_atleast_127_max-6_reduced_incomplete_tree.wcnf,4.0
decision-tree-soybean-un-formula_0.8_2021_atleast_15_max-3_reduced_incomplete_tree.wcnf,4.0
decision-tree-soybean-un-formula_0.8_2021_atleast_31_max-4_reduced_incomplete_tree.wcnf,4.0
decision-tree-soybean-un-formula_0.8_2021_atleast_63_max-5_reduced_incomplete_tree.wcnf,5.0
decision-tree-splice-1-un-formula_0.8_2021_atleast_127_max-6_reduced_incomplete_tree.wcnf,5.0
decision-tree-splice-1-un-formula_0.8_2021_atleast_31_max-4_reduced_incomplete_tree.wcnf,5.0
decision-tree-tic-tac-toe-un-formula_0.8_2021_atleast_127_max-6_reduced_incomplete_adaboost_3.wcnf,149.0
decision-tree-tic-tac-toe-un-formula_0.8_2021_atleast_127_max-6_reduced_incomplete_adaboost_5.wcnf,259.0
decision-tree-tic-tac-toe-un-formula_0.8_2021_atleast_127_max-6_reduced_incomplete_tree.wcnf,75.0
decision-tree-tic-tac-toe-un-formula_0.8_2021_atleast_15_max-3_reduced_incomplete_adaboost_2.wcnf,227.0
decision-tree-tic-tac-toe-un-formula_0.8_2021_atleast_15_max-3_reduced_incomplete_adaboost_3.wcnf,355.0
decision-tree-tic-tac-toe-un-formula_0.8_2021_atleast_31_max-4_reduced_incomplete_adaboost_2.wcnf,177.0
decision-tree-vote-un-formula_0.8_2021_atleast_15_max-3_reduced_incomplete_tree.wcnf,5.0
decision-tree-vote-un-formula_0.8_2021_atleast_63_max-5_reduced_incomplete_tree.wcnf,0.0
delaunay_n24.wcnf,205096864.0
des-cnf.16.p.6.wcnf,6.0
des-cnf.17.p.10.wcnf,6.0
des-cnf.19.p.10.wcnf,6.0
dim.MANN_a81.clq.wcnf,1995.0
dim.MANN_a9.clq.wcnf,422.0
dim.brock400_3.clq.wcnf,238.0
dim.brock400_4.clq.wcnf,249.0
dim.brock800_3.clq.wcnf,1079.0
dim.hamming10-4.clq.wcnf,319.0
dim.hamming8-2.clq.wcnf,441.0
dim.johnson8-4-4.clq.wcnf,4154.0
dim.san400_0.7_3.clq.wcnf,1201.0
dim.san400_0.9_1.clq.wcnf,1604.0
dir.1403.wcsp.dir.wcnf,459246.0
downcast-avrora.wcnf,46642.0
downcast-hsqldb.wcnf,30207.0
downcast-pmd.wcnf,4227.0
drmx-cryptogen_wt-geffe128_7.wcnf,800.0
drmx-cryptogen_wt-threshold128_0.wcnf,800.0
drmx-cryptogen_wt-threshold128_1.wcnf,800.0
drmx-cryptogen_wt-threshold128_2.wcnf,800.0
drmx-cryptogen_wt-threshold128_6.wcnf,800.0
drmx-cryptogen_wt-threshold128_8.wcnf,800.0
ecoli.wcnf,511.0
extension-enforcement-extension-enforcement_non-strict_stb_200_0.05_1_10_1.wcnf,10.0
extension-enforcement_non-strict_stb_150_0.1_2_8_2.wcnf,8.0
extension-enforcement_non-strict_stb_200_0.05_1_10_0.wcnf,7.0
extension-enforcement_non-strict_stb_200_0.05_1_10_1.wcnf,11.0
extension-enforcement_non-strict_stb_200_0.05_3_10_0.wcnf,9.0
extension-enforcement_non-strict_stb_200_0.05_4_10_0.wcnf,6.0
extension-enforcement_non-strict_stb_200_0.05_4_10_4.wcnf,7.0
extension-enforcement_non-strict_stb_200_0.1_2_10_1.wcnf,8.0
extension-enforcement_non-strict_stb_200_0.1_4_10_2.wcnf,8.0
fault-diagnosis-s38584_nan_explicit_10_0.wcnf,209.0
fault-diagnosis-s38584_nan_explicit_15_0.wcnf,12.0
fault-diagnosis-s38584_nan_explicit_16_0.wcnf,12.0
fault-diagnosis-s38584_nan_explicit_18_0.wcnf,13.0
fault-diagnosis-s38584_nan_explicit_27_0.wcnf,13.0
fault-diagnosis-s38584_nan_explicit_33_0.wcnf,13.0
fault-diagnosis-s38584_nan_explicit_9_0.wcnf,208.0
frb-frb40-19-2.partial.wcnf,16.0
frb-frb40-19-4.partial.wcnf,16.0
frb_wt-frb40-19-3.wcnf,720.0
frb_wt-frb40-19-4.wcnf,720.0
g2_n35e34_n58e61.wcnf,21.0
g2_n57e60_n61e85.wcnf,44.0
gen-hyper-tw-GenHyperTW_2bitcomp_5.wcnf,16.0
gen-hyper-tw-GenHyperTW_aim-50-1_6-no-3.wcnf,11.0
gen-hyper-tw-GenHyperTW_aim-50-1_6-yes1-3.wcnf,10.0
gen-hyper-tw-GenHyperTW_atv_partial_system.wcnf,3.0
gen-hyper-tw-GenHyperTW_b01.wcnf,5.0
gen-hyper-tw-GenHyperTW_b06.wcnf,4.0
gen-hyper-tw-GenHyperTW_dubois28.wcnf,2.0
gen-hyper-tw-GenHyperTW_dubois29.wcnf,5.0
gen-hyper-tw-GenHyperTW_flat30-1.wcnf,17.0
gen-hyper-tw-GenHyperTW_flat30-99.wcnf,17.0
gen-hyper-tw-GenHyperTW_grid3d_5.wcnf,10.0
gen-hyper-tw-GenHyperTW_grid4d_3.wcnf,6.0
gen-hyper-tw-GenHyperTW_hole8.wcnf,9.0
gen-hyper-tw-GenHyperTW_par8-1-c.wcnf,9.0
gen-hyper-tw-GenHyperTW_par8-2-c.wcnf,7.0
gen-hyper-tw-GenHyperTW_pret60_25.wcnf,6.0
gen-hyper-tw-GenHyperTW_s208.wcnf,7.0
gen-hyper-tw-GenHyperTW_uf20-01.wcnf,6.0
gen-hyper-tw-GenHyperTW_uf20-099.wcnf,6.0
gen_add_4_carry_33.wcnf,188.0
gen_add_6_991.wcnf,102.0
gen_cvc-add7to3_9999.wcnf,191.0
gen_mult_3_5_9999.wcnf,58.0
gen_mult_3_6_9999.wcnf,62.0
gen_mult_4_5_33.wcnf,730.0
gen_mult_4_5_399.wcnf,730.0
gen_mult_4_5_991.wcnf,115.0
gen_mult_4_5_9999.wcnf,196.0
gen_mult_4_6_991.wcnf,134.0
gen_mult_4_6_9999.wcnf,143.0
gen_mult_4_7_991.wcnf,143.0
gen_mult_5_5_399.wcnf,2306.0
gen_mult_5_5_991.wcnf,144.0
gen_mult_5_5_9999.wcnf,144.0
gen_square_5_9999.wcnf,58.0
generalized-ising_wt-IS11_5.0.5.0.0.5_softer_periodic.wcnf,111911777649462.0
generalized-ising_wt-IS12_5.0.5.0.0.5_softer_periodic.wcnf,113011777649462.0
generalized-ising_wt-IS13_5.0.5.0.0.5_softer_periodic.wcnf,119401387482250.0
generalized-ising_wt-IS15_5.0.5.0.0.5_softer_periodic.wcnf,114658059944605.0
generalized-ising_wt-IS16_5.0.5.0.0.5_softer_periodic.wcnf,115258059944605.0
generalized-ising_wt-IS17_5.0.5.0.0.5_softer_periodic.wcnf,115889374987694.0
generalized-ising_wt-IS20_5.0.5.0.0.5_softer_periodic.wcnf,119321209148950.0
generalized-ising_wt-IS22_5.0.5.0.0.5_softer_periodic.wcnf,118821209148950.0
generalized-ising_wt-IS23_5.0.5.0.0.5_softer_periodic.wcnf,118321209148950.0
generalized-ising_wt-IS3_5.0.5.0.0.5_softer_periodic.wcnf,116770994747962.0
generalized-ising_wt-IS4_5.0.5.0.0.5_softer_periodic.wcnf,115857504490145.0
generalized-ising_wt-IS5_5.0.5.0.0.5_softer_periodic.wcnf,114843630201205.0
generalized-ising_wt-IS6_5.0.5.0.0.5_softer_periodic.wcnf,113797656078081.0
generalized-ising_wt-IS7_5.0.5.0.0.5_softer_periodic.wcnf,112706601923009.0
generalized-ising_wt-IS9_5.0.5.0.0.5_softer_periodic.wcnf,110066981524169.0
haberman.wcnf,386.0
hamming10-2.clq.wcnf,400.0
hamming10-4.clq.wcnf,984.0
hamming6-2.clq.wcnf,832.0
hamming8-2.clq.wcnf,441.0
haplotyping-pedigrees_wt-ped2.G.recomb10-0.20-12.wcnf,54713.0
haplotyping-pedigrees_wt-ped2.G.recomb10-0.20-13.wcnf,40755.0
hea.formula_0.8_2021_atleast_127_max-6_reduced_incomplete_adaboost_4.wcnf,39.0
hea.formula_0.8_2021_atleast_31_max-4_reduced_incomplete_adaboost_4.wcnf,83.0
hea.formula_0.8_2021_atleast_31_max-4_reduced_incomplete_adaboost_5.wcnf,107.0
hea.formula_0.8_2021_atleast_31_max-4_reduced_incomplete_tree.wcnf,28.0
hea.formula_0.8_2021_atleast_63_max-5_reduced_incomplete_adaboost_5.wcnf,83.0
heart-c.wcnf,203.0
heart_train_0_CNF_5_1.wcnf,46.0
heart_train_1_DNF_3_1.wcnf,46.0
heart_train_4_CNF_5_1.wcnf,45.0
hs-timetabling-GreeceWesternGreeceUniversityInstance4.xml.wcnf,20.0
hs-timetabling_wt-BrazilInstance1.xml.wcnf,38.0
hs-timetabling_wt-BrazilInstance2.xml.wcnf,5.0
hs-timetabling_wt-BrazilInstance4.xml.wcnf,55.0
hs-timetabling_wt-BrazilInstance5.xml.wcnf,19.0
hs-timetabling_wt-BrazilInstance6.xml.wcnf,44.0
hs-timetabling_wt-BrazilInstance7.xml.wcnf,74.0
hs-timetabling_wt-FinlandSecondarySchool.xml.wcnf,104.0
hs-timetabling_wt-ItalyInstance4.xml.wcnf,59.0
hugebubbles-00020.wcnf,469941470.0
hyp.formula_0.8_2021_atleast_31_max-4_reduced_incomplete_tree.wcnf,46.0
inconsistency-measurement-im-contension-A-2-grd_1697_5_7.tgf.pl.wcnf,20.0
inconsistency-measurement-im-contension-A-2-grd_1948_5_1.tgf.pl.wcnf,20.0
inconsistency-measurement-im-contension-A-2-grd_3018_3_7.tgf.pl.wcnf,20.0
inconsistency-measurement-im-contension-A-2-grd_3908_2_1.tgf.pl.wcnf,640.0
inconsistency-measurement-im-contension-A-2-grd_5178_1_1.tgf.pl.wcnf,21.0
inconsistency-measurement-im-contension-B-3-stb_696_368.tgf.pl.wcnf,63.0
inconsistency-measurement-im-contension-C-1-grd_3018_3_7.tgf.pl.wcnf,21.0
inconsistency-measurement-im-forgetting-A-2-WS_300_16_70_30.tgf.pl.wcnf,37.0
inconsistency-measurement-im-forgetting-A-2-WS_300_16_90_30.tgf.pl.wcnf,22.0
inconsistency-measurement-im-forgetting-A-2-grd_3908_2_1.tgf.pl.wcnf,717.0
inconsistency-measurement-im-forgetting-B-2-stb_625_161.tgf.pl.wcnf,79.0
inconsistency-measurement-im-forgetting-B-3-WS_300_16_90_30.tgf.pl.wcnf,42.0
inconsistency-measurement-im-forgetting-B-3-stb_339_393.tgf.pl.wcnf,22.0
inconsistency-measurement-im-forgetting-B-3-stb_428_430.tgf.pl.wcnf,51.0
inconsistency-measurement-im-forgetting-B-3-stb_457_193.tgf.pl.wcnf,57.0
inconsistency-measurement-im-forgetting-B-3-stb_696_412.tgf.pl.wcnf,22.0
inconsistency-measurement-im-forgetting-C-1-grd_5178_1_1.tgf.pl.wcnf,1021.0
inconsistency-measurement-im-forgetting-T-2-grd_4383_1_10.tgf.pl.wcnf,740.0
inconsistency-measurement-im-forgetting-T-2-stb_265_466.tgf.pl.wcnf,22.0
inconsistency-measurement-im-forgetting-T-2-stb_339_81.tgf.pl.wcnf,48.0
inconsistency-measurement-im-hit-A-1-grd_1790_4_8.tgf.pl.wcnf,311.0
inconsistency-measurement-im-hit-A-1-grd_2065_1_8.tgf.pl.wcnf,304.0
inconsistency-measurement-im-hit-A-2-WS_300_16_90_30.tgf.pl.wcnf,22.0
inconsistency-measurement-im-hit-A-2-grd_1948_5_1.tgf.pl.wcnf,344.0
inconsistency-measurement-im-hit-B-1-grd_3018_3_7.tgf.pl.wcnf,571.0
inconsistency-measurement-im-hit-B-3-stb_390_450.tgf.pl.wcnf,45.0
inconsistency-measurement-im-hit-C-1-grd_3018_3_7.tgf.pl.wcnf,533.0
inconsistency-measurement-im-hit-C-2-stb_304_352.tgf.pl.wcnf,23.0
inconsistency-measurement-im-sum-A-2-grd_1948_5_1.tgf.pl.wcnf,360.0
inconsistency-measurement-im-sum-A-2-stb_547_485.tgf.pl.wcnf,23.0
inconsistency-measurement-im-sum-B-2-stb_330_291.tgf.pl.wcnf,36.0
inconsistency-measurement-im-sum-B-3-stb_327_100.tgf.pl.wcnf,39.0
inconsistency-measurement-im-sum-B-3-stb_339_393.tgf.pl.wcnf,56.0
inconsistency-measurement-im-sum-B-3-stb_390_450.tgf.pl.wcnf,23.0
inconsistency-measurement-im-sum-B-3-stb_428_430.tgf.pl.wcnf,23.0
inconsistency-measurement-im-sum-B-3-stb_696_368.tgf.pl.wcnf,84.0
inconsistency-measurement-im-sum-C-1-grd_1222_5_4.tgf.pl.wcnf,218.0
inconsistency-measurement-im-sum-T-1-grd_2130_2_7.tgf.pl.wcnf,24.0
indo.wcnf,13.0
inf-road-usa.wcnf,624089416.0
instance10.wcnf,5274.0
instance11.wcnf,3457.0
instance12.wcnf,4868.0
instance2.wcnf,828.0
instance3.wcnf,1002.0
instance4.wcnf,1726.0
instance5.wcnf,1196.0
instance6.wcnf,1992.0
instance7.wcnf,1086.0
instance8.wcnf,1524.0
instance9.wcnf,572.0
ionosphere_train_1_CNF_3_1.wcnf,22.0
ionosphere_train_1_CNF_4_1.wcnf,22.0
johnson8-4-4.clq.wcnf,770.0
judgment-aggregation-ja-kemeny-preflib-00043-00000180.wcnf,433.0
judgment-aggregation-ja-kemeny-preflib-00049-00000287.wcnf,782.0
judgment-aggregation-ja-kemeny-preflib-00049-00000300.wcnf,776.0
judgment-aggregation-ja-kemeny-preflib-00049-00000334.wcnf,542.0
judgment-aggregation-ja-kemeny-preflib-00049-00000353.wcnf,554.0
judgment-aggregation-ja-kemeny-preflib-00049-00000377.wcnf,647.0
judgment-aggregation-ja-kemeny-preflib-00049-00000451.wcnf,928.0
judgment-aggregation-ja-kemeny-preflib-00049-00000454.wcnf,631.0
judgment-aggregation-ja-kemeny-preflib-00049-00000468.wcnf,548.0
judgment-aggregation-ja-kemeny-preflib-00049-00000614.wcnf,792.0
judgment-aggregation-ja-kemeny-preflib-00051-00000007.wcnf,545.0
judgment-aggregation-ja-kemeny-preflib-00051-00000009.wcnf,633.0
judgment-aggregation-ja-kemeny-preflib-00051-00000011.wcnf,694.0
judgment-aggregation-ja-maxham-preflib-00049-00000003.wcnf,24.0
judgment-aggregation-ja-maxham-preflib-00049-00000071.wcnf,45.0
judgment-aggregation-ja-maxham-preflib-00049-00000092.wcnf,24.0
judgment-aggregation-ja-maxham-preflib-00049-00000106.wcnf,24.0
judgment-aggregation-ja-maxham-preflib-00049-00000157.wcnf,51.0
judgment-aggregation-ja-maxham-preflib-00049-00000253.wcnf,46.0
judgment-aggregation-ja-maxham-preflib-00049-00000260.wcnf,50.0
judgment-aggregation-ja-maxham-preflib-00049-00000272.wcnf,24.0
judgment-aggregation-ja-maxham-preflib-00049-00000291.wcnf,24.0
judgment-aggregation-ja-maxham-preflib-00049-00000293.wcnf,43.0
judgment-aggregation-ja-maxham-preflib-00049-00000295.wcnf,53.0
judgment-aggregation-ja-maxham-preflib-00049-00000304.wcnf,24.0
judgment-aggregation-ja-maxham-preflib-00049-00000316.wcnf,51.0
judgment-aggregation-ja-maxham-preflib-00049-00000333.wcnf,51.0
judgment-aggregation-ja-maxham-preflib-00049-00000338.wcnf,24.0
judgment-aggregation-ja-maxham-preflib-00049-00000385.wcnf,37.0
judgment-aggregation-ja-maxham-preflib-00049-00000390.wcnf,52.0
judgment-aggregation-ja-maxham-preflib-00049-00000444.wcnf,52.0
judgment-aggregation-ja-maxham-preflib-00049-00000486.wcnf,54.0
judgment-aggregation-ja-maxham-preflib-00049-00000492.wcnf,47.0
judgment-aggregation-ja-maxham-preflib-00049-00000511.wcnf,25.0
judgment-aggregation-ja-maxham-preflib-00049-00000512.wcnf,25.0
judgment-aggregation-ja-maxham-preflib-00049-00000516.wcnf,25.0
judgment-aggregation-ja-maxham-preflib-00049-00000517.wcnf,55.0
judgment-aggregation-ja-maxham-preflib-00049-00000540.wcnf,49.0
judgment-aggregation-ja-maxham-preflib-00049-00000562.wcnf,26.0
judgment-aggregation-ja-slater-preflib-00043-00000180.wcnf,26.0
judgment-aggregation-ja-slater-preflib-00043-00000196.wcnf,26.0
judgment-aggregation-ja-slater-preflib-00049-00000107.wcnf,26.0
judgment-aggregation-ja-slater-preflib-00049-00000135.wcnf,246.0
judgment-aggregation-ja-slater-preflib-00049-00000405.wcnf,278.0
judgment-aggregation-ja-slater-preflib-00049-00000451.wcnf,27.0
judgment-aggregation-ja-slater-preflib-00049-00000468.wcnf,269.0
judgment-aggregation-ja-slater-preflib-00051-00000008.wcnf,341.0
judgment-aggregation-ja-slater-preflib-00051-00000011.wcnf,501.0
lam.20-100-frag12-0.wcnf,41.0
lam.20-100-frag12-45.wcnf,43.0
lam.20-100-frag12-56.wcnf,42.0
lam.20-100-frag12-79.wcnf,43.0
lam.20-100-lambda100-53.wcnf,72.0
lam.20-100-lambda100-59.wcnf,73.0
lam.20-100-lambda100-89.wcnf,74.0
lam.20-100-lambda100-95.wcnf,75.0
lam.20-100-p100-55.wcnf,75.0
lam.20-100-p100-72.wcnf,71.0
lam.20-100-p100-86.wcnf,76.0
lam.20-100-p100-97.wcnf,75.0
limits-10-10_data-1_inst-044_30m.sm-extracted.wcnf,30028201.0
limits-10-10_data-2_inst-003_30m.sm-extracted.wcnf,29513967.0
limits-10-10_data-2_inst-025_30m.sm-extracted.wcnf,42366243.0
limits-10-10_data-2_inst-030_30m.sm-extracted.wcnf,33006575.0
limits-10-10_data-4_inst-003_60m.sm-extracted.wcnf,9547398.0
lisbon-wedding-10-18.wcnf,378.0
lisbon-wedding-10-19.wcnf,380.0
lisbon-wedding-2-18.wcnf,1137.0
lisbon-wedding-5-19.wcnf,805.0
lisbon-wedding-7-19.wcnf,424.0
lisbon-wedding-8-18.wcnf,396.0
lisbon-wedding-8-19.wcnf,399.0
lisbon-wedding-9-17.wcnf,394.0
lisbon-wedding_wt-lisbon-wedding-1-18.wcnf,961.0
lisbon-wedding_wt-lisbon-wedding-1-19.wcnf,-1.0
lisbon-wedding_wt-lisbon-wedding-10-17.wcnf,377.0
lisbon-wedding_wt-lisbon-wedding-10-18.wcnf,378.0
lisbon-wedding_wt-lisbon-wedding-3-18.wcnf,-1.0
lisbon-wedding_wt-lisbon-wedding-4-17.wcnf,803.0
lisbon-wedding_wt-lisbon-wedding-5-19.wcnf,805.0
lisbon-wedding_wt-lisbon-wedding-6-19.wcnf,805.0
lisbon-wedding_wt-lisbon-wedding-7-18.wcnf,420.0
lisbon-wedding_wt-lisbon-wedding-7-19.wcnf,424.0
lisbon-wedding_wt-lisbon-wedding-8-17.wcnf,395.0
lisbon-wedding_wt-lisbon-wedding-9-17.wcnf,394.0
lisbon-wedding_wt-lisbon-wedding-9-18.wcnf,395.0
liver-disorder.wcnf,293.0
log.1401.wcsp.log.wcnf,459106.0
log.1405.wcsp.log.wcnf,459424.0
log.28.wcsp.log.wcnf,270105.0
logic-synthesis-normalized-test4.pi.opb.msat.wcnf,31.0
lym.formula_0.8_2021_atleast_31_max-4_reduced_incomplete_tree.wcnf,3.0
max-realizability_wt-power-distribution_10_7.wcnf,60.0
max-realizability_wt-power-distribution_11_6.wcnf,126.0
max-realizability_wt-power-distribution_11_7.wcnf,126.0
max-realizability_wt-power-distribution_12_7.wcnf,216.0
max-realizability_wt-power-distribution_12_8.wcnf,216.0
max-realizability_wt-robot-navigation_10.wcnf,14.0
max.uaq-max-np-nr200-np700-rpp5-nc50-n8-t3-plb10-n5.wcnf,6.0
max.uaq-max-nr-nr160-np400-rpp5-nc50-n8-t3-plb10-n7.wcnf,4.0
max.uaq-max-nr-nr70-np400-rpp5-nc50-n8-t3-plb10-n7.wcnf,61.0
maxcut-140-630-0.7-12.wcnf,167.0
maxcut-140-630-0.7-20.wcnf,168.0
maxcut-140-630-0.7-28.wcnf,167.0
maxcut-140-630-0.7-4.wcnf,167.0
maxcut-140-630-0.7-45.wcnf,168.0
maxcut-140-630-0.7-6.wcnf,162.0
maxcut-140-630-0.8-1.wcnf,165.0
maxcut-140-630-0.8-18.wcnf,163.0
maxcut-140-630-0.8-26.wcnf,167.0
maxcut-140-630-0.8-39.wcnf,169.0
mbd-b14_C-mbd14-0277.wcnf,24.0
meltdown_min.wcnf,69.0
mes.atcoss_mesat_04.wcnf,30.0
mes.atcoss_mesat_05.wcnf,10.0
mes.atcoss_mesat_10.wcnf,13.0
metro_8_8_5_20_10_6_500_1_3.lp.sm-extracted.wcnf,138.0
metro_wt-metro_8_8_5_20_10_6_500_1_3.lp.sm-extracted.wcnf,138.0
min-fill-MinFill_R0_mulsol.i.1.wcnf,50.0
min-fill-MinFill_R0_mulsol.i.2.wcnf,240.0
min-fill-MinFill_R0_mulsol.i.3.wcnf,52.0
min-fill-MinFill_R0_myciel5.wcnf,56.0
min-fill-MinFill_R0_myciel6.wcnf,56.0
min-fill-MinFill_R0_myciel7.wcnf,56.0
min-fill-MinFill_R0_queen11_11.wcnf,58.0
min-fill-MinFill_R0_queen7_7.wcnf,58.0
min-fill-MinFill_R0_queen8_12.wcnf,2387.0
min-fill-MinFill_R0_queen9_9.wcnf,61.0
min-fill-MinFill_R1_games120.wcnf,61.0
min-fill-MinFill_R3_david.wcnf,61.0
min-fill-MinFill_R3_miles1000.wcnf,624.0
min-fill-MinFill_R3_miles750.wcnf,63.0
min-fill-MinFill_R4_miles500.wcnf,379.0
minimize-5gons-u5-cube-maxcdcl-11-tmp-15-2655746.wcnf,63.0
minimize-5gons-u5-cube-maxcdcl-12-tmp-15-2655746.wcnf,65.0
minimize-5gons-u5-cube-maxcdcl-13-tmp-15-2655746.wcnf,65.0
minimize-5gons-u5-cube-maxcdcl-18-tmp-15-2655746.wcnf,67.0
minimize-5gons-u5-cube-maxcdcl-19-tmp-15-2655746.wcnf,67.0
minimize-5gons-u5-cube-maxcdcl-20-tmp-15-2655746.wcnf,67.0
minimize-5gons-u5-cube-maxcdcl-23-tmp-15-2655746.wcnf,68.0
minimize-5gons-u5-cube-maxcdcl-24-tmp-15-2655746.wcnf,68.0
minimize-5gons-u5-cube-maxcdcl-29-tmp-15-2655746.wcnf,70.0
minimize-5gons-u5-cube-maxcdcl-32-tmp-15-2655746.wcnf,74.0
minimize-5gons-u5-cube-maxcdcl-36-tmp-15-2655746.wcnf,74.0
minimize-5gons-u5-cube-maxcdcl-38-tmp-15-2655746.wcnf,77.0
minimize-5gons-u5-cube-maxcdcl-41-tmp-15-2655746.wcnf,77.0
minimize-5gons-u5-cube-maxcdcl-44-tmp-15-2655746.wcnf,77.0
minimize-5gons-u5-cube-maxcdcl-46-tmp-15-2655746.wcnf,77.0
minimize-5gons-u5-cube-maxcdcl-48-tmp-15-2655746.wcnf,77.0
minimize-5gons-u5-cube-maxcdcl-49-tmp-15-2655746.wcnf,77.0
minimize-5gons-u5-cube-maxcdcl-53-tmp-15-2655746.wcnf,77.0
minimize-5gons-u5-cube-maxcdcl-58-tmp-15-2655746.wcnf,77.0
minimize-5gons-u5-cube-maxcdcl-59-tmp-15-2655746.wcnf,77.0
minimize-5gons-u5-cube-maxcdcl-60-tmp-15-2655746.wcnf,77.0
minimize-5gons-u5-cube-maxcdcl-61-tmp-15-2655746.wcnf,77.0
minimize-5gons-u5-cube-maxcdcl-7-tmp-15-2655746.wcnf,77.0
minimize-5gons-u5-cube-maxcdcl-8-tmp-15-2655746.wcnf,77.0
minimize-5gons-u5-cube-maxcdcl-9-tmp-15-2655746.wcnf,77.0
mpe_wt-random-net-20-5_network-3.net.wcnf,19569.0
mpe_wt-random-net-30-5_network-4.net.wcnf,28151.0
mpe_wt-random-net-50-5_network-8.net.wcnf,46535.0
mpe_wt-random-net-60-3_network-7.net.wcnf,51691.0
ms_100_20_20-0.wcnf,49.0
ms_100_40_10-0.wcnf,16.0
ms_150_10_40-0.wcnf,98.0
ms_160_20_20-0.wcnf,79.0
ms_200_10_40-0.wcnf,88.0
ms_200_12_20-3.wcnf,125.0
ms_200_16_20-0.wcnf,84.0
ms_200_20_12-1.wcnf,46.0
ms_200_20_20-6.wcnf,67.0
ms_200_20_20-8.wcnf,69.0
ms_200_22_20-0.wcnf,76.0
ms_200_22_20-2.wcnf,103.0
ms_200_22_20-3.wcnf,80.0
ms_200_6_20-0.wcnf,133.0
ms_250_20_20-0.wcnf,74.0
ms_260_20_20-0.wcnf,76.0
ms_260_20_20-1.wcnf,66.0
mul.role_domino_multiple_0.8_5.wcnf,181758.0
mul.role_domino_multiple_1.0_4.wcnf,229869.0
mul.role_smallcomp_multiple_0.9_7.wcnf,456398.0
mul.role_university_multiple_0.1_0.wcnf,60675.0
mul_8_11.wcnf,64.0
mul_8_13.wcnf,60.0
mul_8_14.wcnf,56.0
mul_8_3.wcnf,36.0
mul_8_9.wcnf,42.0
mus.formula_0.8_2021_atleast_15_max-3_reduced_incomplete_tree.wcnf,7.0
navigation_5x5_10.wcnf,8.0
navigation_5x5_8.wcnf,8.0
navigation_5x5_9.wcnf,8.0
normalized-ex1010.pi.wcnf,241.0
normalized-fir08_area_opers.wcnf,48.0
normalized-g100x100.opb.msat.wcnf,2129.0
normalized-g125.18.wcnf,2232.0
normalized-mps-v2-20-10-cracpb1.opb.msat.wcnf,22199.0
normalized-mps-v2-20-10-l152lav.opb.msat.wcnf,-1.0
normalized-mps-v2-20-10-lp4l.opb.msat.wcnf,3152.0
normalized-mps-v2-20-10-mod008.opb.msat.wcnf,307.0
normalized-mps-v2-20-10-mod010.opb.msat.wcnf,-1.0
normalized-mps-v2-20-10-p0548.opb.msat.wcnf,10140.0
normalized-mps-v2-20-10-sentoy.opb.msat.wcnf,1688.0
normalized-par32-1.opb.msat.wcnf,11345.0
normalized-par32-1.wcnf,-1.0
normalized-par32-2.opb.msat.wcnf,-1.0
normalized-par32-3-c.wcnf,-1.0
normalized-par32-3.opb.msat.wcnf,-1.0
normalized-par32-4.opb.msat.wcnf,3176.0
normalized-par32-5.opb.msat.wcnf,11440.0
normalized-test4.pi.opb.msat.wcnf,96.0
normalized-test4.pi.wcnf,95.0
optic-gen_add_4_carry_991.wcnf,56.0
optic-gen_add_6_carry_991.wcnf,104.0
optic-gen_cvc-add7to3_9999.wcnf,191.0
optic-gen_mult_4_5_991.wcnf,115.0
optic-gen_mult_4_6_991.wcnf,134.0
optic-gen_mult_4_6_9999.wcnf,143.0
optic-gen_mult_5_5_991.wcnf,144.0
optic-gen_mult_5_5_9999.wcnf,144.0
optimizing-BDDs-anneal-un-wcnf_incomplete_improved_1_2019_2.wcnf,139.0
optimizing-BDDs-anneal-un-wcnf_incomplete_improved_1_2019_5.wcnf,121.0
optimizing-BDDs-anneal-un-wcnf_incomplete_improved_1_2019_7.wcnf,109.0
optimizing-BDDs-australian-credit-un-wcnf_incomplete_improved_1_2019_2.wcnf,87.0
optimizing-BDDs-australian-credit-un-wcnf_incomplete_improved_1_2019_5.wcnf,73.0
optimizing-BDDs-breast-cancer-un-wcnf_incomplete_improved_1_2019_7.wcnf,21.0
optimizing-BDDs-breast-cancer-un-wcnf_incomplete_improved_1_2019_8.wcnf,17.0
optimizing-BDDs-car-un-wcnf_incomplete_improved_1_2019_7.wcnf,90.0
optimizing-BDDs-heart-cleveland-un-wcnf_incomplete_improved_1_2019_9.wcnf,11.0
optimizing-BDDs-hypothyroid-un-wcnf_incomplete_improved_1_2019_2.wcnf,70.0
optimizing-BDDs-hypothyroid-un-wcnf_incomplete_improved_1_2019_3.wcnf,62.0
optimizing-BDDs-hypothyroid-un-wcnf_incomplete_improved_1_2019_5.wcnf,56.0
optimizing-BDDs-hypothyroid-un-wcnf_incomplete_improved_1_2019_7.wcnf,54.0
optimizing-BDDs-kr-vs-kp-un-wcnf_incomplete_improved_1_2019_4.wcnf,189.0
optimizing-BDDs-kr-vs-kp-un-wcnf_incomplete_improved_1_2019_8.wcnf,158.0
optimizing-BDDs-lymph-un-wcnf_incomplete_improved_1_2019_6.wcnf,7.0
optimizing-BDDs-lymph-un-wcnf_incomplete_improved_1_2019_7.wcnf,4.0
optimizing-BDDs-mushroom-un-wcnf_incomplete_improved_1_2019_4.wcnf,112.0
optimizing-BDDs-mushroom-un-wcnf_incomplete_improved_1_2019_5.wcnf,108.0
optimizing-BDDs-primary-tumor-un-wcnf_incomplete_improved_1_2019_4.wcnf,49.0
optimizing-BDDs-primary-tumor-un-wcnf_incomplete_improved_1_2019_8.wcnf,30.0
optimizing-BDDs-primary-tumor-un-wcnf_incomplete_improved_1_2019_9.wcnf,27.0
optimizing-BDDs-soybean-un-wcnf_incomplete_improved_1_2019_6.wcnf,23.0
optimizing-BDDs-soybean-un-wcnf_incomplete_improved_1_2019_7.wcnf,18.0
optimizing-BDDs-splice-1-un-wcnf_incomplete_improved_1_2019_4.wcnf,333.0
optimizing-BDDs-splice-1-un-wcnf_incomplete_improved_1_2019_5.wcnf,200.0
optimizing-BDDs-splice-1-un-wcnf_incomplete_improved_1_2019_6.wcnf,201.0
optimizing-BDDs-tic-tac-toe-un-wcnf_incomplete_improved_1_2019_5.wcnf,160.0
optimizing-BDDs-tic-tac-toe-un-wcnf_incomplete_improved_1_2019_6.wcnf,165.0
optimizing-BDDs-tic-tac-toe-un-wcnf_incomplete_improved_1_2019_7.wcnf,56.0
optimizing-BDDs-vote-un-wcnf_incomplete_improved_1_2019_7.wcnf,4.0
optimizing-BDDs-vote-un-wcnf_incomplete_improved_1_2019_8.wcnf,2.0
p_hat1000-1.clq.wcnf,990.0
p_hat1000-2.clq.wcnf,954.0
p_hat1000-3.clq.wcnf,935.0
p_hat300-3.clq.wcnf,264.0
p_hat500-3.clq.wcnf,450.0
p_hat700-1.clq.wcnf,689.0
p_hat700-2.clq.wcnf,656.0
p_hat700-3.clq.wcnf,638.0
pa-2.wcnf,143.0
pa-3.wcnf,192.0
pesp_18Min.wcnf,311.0
pesp_5min.wcnf,68.0
pima_train_3_CNF_5_20.wcnf,2473.0
planning-bnn-cellda_x_10.wcnf,9.0
planning-bnn-cellda_x_12.wcnf,12.0
planning-bnn-cellda_y_10.wcnf,6.0
planning-bnn-cellda_y_8.wcnf,6.0
planning-bnn-cellda_y_9.wcnf,6.0
planning-bnn-inventory_4_7.wcnf,15.0
planning-bnn-inventory_4_8.wcnf,17.0
planning-bnn-navigation_4x4_5.wcnf,5.0
planning-bnn-navigation_4x4_7.wcnf,5.0
planning-bnn-navigation_5x5_10.wcnf,8.0
planning-bnn-navigation_5x5_8.wcnf,8.0
planning-bnn-navigation_5x5_9.wcnf,404.0
planning-bnn-sysadmin_4_3.wcnf,2.0
planning-bnn-sysadmin_4_4.wcnf,4.0
planning-bnn-sysadmin_5_3.wcnf,4.0
planning-bnn-sysadmin_5_4.wcnf,6.0
polysite-hsqldb.wcnf,172382.0
polysite-pmd.wcnf,188398.0
polysite-xalan.wcnf,114620.0
power-distribution_12_8.wcnf,216.0
power-distribution_2_8.wcnf,10.0
preference_planning_wt-WCNF_pathways_p16.wcnf,257.0
pri.formula_0.8_2021_atleast_127_max-6_reduced_incomplete_adaboost_6.wcnf,189.0
pri.formula_0.8_2021_atleast_31_max-4_reduced_incomplete_adaboost_3.wcnf,100.0
pri.formula_0.8_2021_atleast_63_max-5_reduced_incomplete_tree.wcnf,29.0
privilege-escalation-cloud_access_control_repair_task-117.wcnf,12.0
privilege-escalation-cloud_access_control_repair_task-130.wcnf,36.0
privilege-escalation-cloud_access_control_repair_task-134.wcnf,6.0
privilege-escalation-cloud_access_control_repair_task-141.wcnf,27.0
privilege-escalation-cloud_access_control_repair_task-146.wcnf,8.0
privilege-escalation-cloud_access_control_repair_task-15.wcnf,67.0
privilege-escalation-cloud_access_control_repair_task-163.wcnf,9.0
privilege-escalation-cloud_access_control_repair_task-178.wcnf,20.0
privilege-escalation-cloud_access_control_repair_task-34.wcnf,25.0
privilege-escalation-cloud_access_control_repair_task-47.wcnf,24.0
privilege-escalation-cloud_access_control_repair_task-61.wcnf,16.0
privilege-escalation-cloud_access_control_repair_task-73.wcnf,31.0
program-disambiguation-Q22_YESNO_1.wcnf,6.0
program-disambiguation-Q27_YESNO_1.wcnf,2.0
program-disambiguation-Q35_OPTIONS_1.wcnf,0.0
program-disambiguation-Q36_YESNO_1.wcnf,0.0
program-disambiguation-Q42_OPTIONS_1.wcnf,4.0
program-disambiguation-Q45_YESNO_1.wcnf,2.0
program-disambiguation-Q55_YESNO_1.wcnf,2.0
protein_ins-1bpi_.2knt_.g.wcnf.t.wcnf,35.0
protein_ins-1bpi_.5pti_.g.wcnf.t.wcnf,29.0
protein_ins-1knt_.1bpi_.g.wcnf.t.wcnf,35.0
protein_ins-1knt_.5pti_.g.wcnf.t.wcnf,29.0
protein_ins-2knt_.5pti_.g.wcnf.t.wcnf,32.0
protein_ins-3ebx_.1era_.g.wcnf.t.wcnf,34.0
protein_ins-6ebx_.1era_.g.wcnf.t.wcnf,30.0
protein_ins-p1.wcnf.t.wcnf,35.0
protein_ins-sandiaprotein.g.wcnf.t.wcnf,28.0
protein_ins_wt-1bpi_.2knt_.g.wcnf.t.wcnf,2407.0
protein_ins_wt-1knt_.1bpi_.g.wcnf.t.wcnf,2464.0
protein_ins_wt-1knt_.5pti_.g.wcnf.t.wcnf,2208.0
protein_ins_wt-2knt_.5pti_.g.wcnf.t.wcnf,2156.0
protein_ins_wt-3ebx_.1era_.g.wcnf.t.wcnf,2517.0
protein_ins_wt-6ebx_.1era_.g.wcnf.t.wcnf,1646.0
protein_ins_wt-p1.wcnf.t.wcnf,2407.0
protein_ins_wt-sandiaprotein.g.wcnf.t.wcnf,2248.0
pseudoBoolean-normalized-par32-1.opb.msat.wcnf,11345.0
pseudoBoolean-normalized-par32-3.opb.msat.wcnf,-1.0
pseudoBoolean-normalized-par32-4.opb.msat.wcnf,3176.0
pseudoBoolean-normalized-par32-5.opb.msat.wcnf,11440.0
pseudoBoolean_wt-normalized-mps-v2-20-10-mod010.opb.msat.wcnf,-1.0
pseudoBoolean_wt-normalized-mps-v2-20-10-sentoy.opb.msat.wcnf,1688.0
quantum-circuit-grover-noancilla_4_52_ibmq-casablanca_7.wcnf,27.0
quantum-circuit-qgan_6_15_ibmq-casablanca_7.wcnf,24.0
r11.wcnf,48181889.0
rail2536.wcnf,724.0
rail4284.wcnf,1120.0
rail4872.wcnf,1575.0
railway-transport-d4.wcnf,1598.0
railway-transport-pesp_18Min.wcnf,280.0
railway-transport-pesp_5min.wcnf,68.0
railway-transport-we.wcnf,294.0
railway-transport_wt-bf2030fvcons.wcnf,3271.0
railway-transport_wt-bf2030fvslack.wcnf,245735.0
railway-transport_wt-f2030.wcnf,4195.0
railway-transport_wt-r11.wcnf,43336995.0
railway-transport_wt-wg2.wcnf,78.0
ram_k3_n10.ra0.wcnf,4.0
ram_k3_n11.ra0.wcnf,7.0
ram_k3_n12.ra0.wcnf,10.0
ram_k3_n13.ra0.wcnf,16.0
ram_k3_n13.ra1.wcnf,1417.0
ram_k3_n14.ra0.wcnf,21.0
ram_k3_n14.ra1.wcnf,3025.0
ram_k3_n15.ra0.wcnf,30.0
ram_k3_n15.ra1.wcnf,4884.0
ram_k3_n16.ra0.wcnf,39.0
ram_k3_n16.ra1.wcnf,7271.0
ram_k3_n17.ra0.wcnf,50.0
ram_k3_n17.ra1.wcnf,10372.0
ram_k3_n18.ra0.wcnf,60.0
ram_k3_n18.ra1.wcnf,15621.0
ram_k3_n19.ra0.wcnf,75.0
ram_k3_n19.ra1.wcnf,20665.0
ram_k3_n20.ra0.wcnf,90.0
ram_k3_n20.ra1.wcnf,23898.0
ram_k4_n18.ra0.wcnf,9.0
ram_k4_n18.ra1.wcnf,313.0
ram_k4_n19.ra0.wcnf,15.0
ram_k4_n19.ra1.wcnf,1287.0
ram_k4_n20.ra0.wcnf,24.0
ram_k4_n20.ra1.wcnf,2635.0
ramsey-ram_k3_n10.ra0.wcnf,4.0
ramsey-ram_k3_n11.ra0.wcnf,7.0
ramsey-ram_k3_n12.ra0.wcnf,10.0
ramsey-ram_k3_n14.ra0.wcnf,21.0
ramsey-ram_k3_n15.ra0.wcnf,30.0
ramsey-ram_k3_n16.ra0.wcnf,39.0
ramsey-ram_k3_n17.ra0.wcnf,50.0
ramsey-ram_k3_n18.ra0.wcnf,60.0
ramsey-ram_k3_n19.ra0.wcnf,75.0
ramsey-ram_k4_n18.ra0.wcnf,9.0
ramsey-ram_k4_n20.ra0.wcnf,24.0
ramsey_wt-ram_k3_n11.ra1.wcnf,318.0
ramsey_wt-ram_k3_n12.ra1.wcnf,524.0
ramsey_wt-ram_k3_n14.ra1.wcnf,3025.0
ramsey_wt-ram_k3_n16.ra1.wcnf,7271.0
ramsey_wt-ram_k3_n17.ra1.wcnf,10372.0
ramsey_wt-ram_k3_n18.ra1.wcnf,15621.0
ramsey_wt-ram_k3_n19.ra1.wcnf,20665.0
ramsey_wt-ram_k4_n19.ra1.wcnf,1287.0
ran-scp.scp43_maxsat.wcnf,38.0
ran-scp.scp47_maxsat.wcnf,38.0
ran-scp.scp48_maxsat.wcnf,38.0
ran-scp.scp510_maxsat.wcnf,36.0
ran-scp.scp58_maxsat.wcnf,34.0
ran-scp.scp59_maxsat.wcnf,36.0
ran-scp.scp61_maxsat.wcnf,22.0
ran-scp.scp65_maxsat.wcnf,22.0
ran-scp.scpnre1_maxsat.wcnf,20.0
ran-scp.scpnrf4_maxsat.wcnf,12.0
ran-scp.scpnrf5_maxsat.wcnf,12.0
ran-scp.scpnrg1_maxsat.wcnf,73.0
ran-scp.scpnrg3_weighted.wcnf,167.0
ran-scp.scpnrg4_weighted.wcnf,168.0
ran-scp.scpnrh1_maxsat.wcnf,42.0
ran-scp.scpnrh5_maxsat.wcnf,42.0
ran-scp.scpnrh5_weighted.wcnf,55.0
ran.max_cut_60_600_4.asc.wcnf,213.0
ran.max_cut_60_600_9.asc.wcnf,218.0
random-net-30-6_network-4.net.wcnf,24362.0
random-net-40-4_network-2.net.wcnf,36427.0
random-net-40-5_network-10.net.wcnf,32686.0
random-net-40-5_network-7.net.wcnf,35573.0
random-net-50-4_network-8.net.wcnf,43243.0
random-net-50-5_network-10.net.wcnf,41721.0
random-net-50-5_network-4.net.wcnf,43082.0
random-net-50-5_network-8.net.wcnf,46535.0
random-net-50-5_network-9.net.wcnf,44178.0
relational-inference_wt-ar-2.wcnf,394748.0
relational-inference_wt-pa-1.wcnf,820.0
relational-inference_wt-pa-2.wcnf,143.0
relational-inference_wt-pa-3.wcnf,192.0
rev66-12.wcnf,21.0
rev66-14.wcnf,19.0
rev66-16.wcnf,17.0
rev66-18.wcnf,15.0
rev66-20.wcnf,13.0
rev66-22.wcnf,11.0
rev66-24.wcnf,9.0
rev66-26.wcnf,7.0
rev66-28.wcnf,5.0
rev66-30.wcnf,3.0
rev66-32.wcnf,1.0
reversi-rev66-16.wcnf,17.0
reversi-rev66-26.wcnf,7.0
reversi-rev66-28.wcnf,5.0
reversi-rev66-32.wcnf,1.0
rgg_n_2_24_s0.wcnf,33573460.0
role_domino_0.05_15.wcnf,25082.0
role_domino_0.05_7.wcnf,23831.0
role_domino_0.15_0.wcnf,53480.0
role_domino_0.15_18.wcnf,52001.0
role_domino_0.1_18.wcnf,42049.0
role_domino_0.1_3.wcnf,42464.0
role_domino_0.25_9.wcnf,83546.0
role_domino_0.35_10.wcnf,109199.0
role_domino_0.3_15.wcnf,101449.0
role_domino_0.4_4.wcnf,125417.0
role_domino_0.6_2.wcnf,169308.0
role_domino_0.7_16.wcnf,180632.0
role_domino_0.9_0.wcnf,199498.0
role_domino_0.9_16.wcnf,200533.0
role_domino_0.9_6.wcnf,190975.0
role_domino_0.9_7.wcnf,199893.0
role_domino_multiple_0.2_0.wcnf,66679.0
role_domino_multiple_0.5_7.wcnf,135735.0
role_smallcomp_0.85_4.wcnf,369639.0
role_smallcomp_0.95_2.wcnf,425857.0
role_university_0.05_8.wcnf,40130.0
role_university_0.15_8.wcnf,98246.0
role_university_0.25_3.wcnf,142304.0
role_university_0.25_8.wcnf,139179.0
role_university_0.4_8.wcnf,196644.0
role_university_0.55_1.wcnf,219081.0
role_university_0.55_6.wcnf,215613.0
role_university_0.5_3.wcnf,207903.0
role_university_0.75_7.wcnf,212493.0
role_university_0.9_1.wcnf,217876.0
role_university_1.0_0.wcnf,207875.0
role_university_1.0_2.wcnf,207160.0
rsdecoder-problem.dimacs_38.filtered.wcnf,2.0
rsdecoder-problem.dimacs_41.filtered.wcnf,2.0
rsdecoder1_blackbox_KESblock-problem.dimacs_30.filtered.wcnf,2.0
rsdecoder4.dimacs.filtered.wcnf,4.0
rsdecoder6.dimacs.filtered.wcnf,3.0
s38584_nan_explicit_7_0.wcnf,188.0
san200_0.7_1.clq.wcnf,1256.0
sanr200_0.7.clq.wcnf,1171.0
sanr400_0.7.clq.wcnf,379.0
sbox_8.wcnf,303.0
sc-rel9.wcnf,11193466.0
scheduling-cnf_10.wcnf,50.0
scheduling-cnf_10_center.wcnf,159.0
scheduling-cnf_12.wcnf,61.0
scheduling-cnf_12_center.wcnf,237.0
scheduling-cnf_small.wcnf,28.0
scpclr11_maxsat.wcnf,23.0
scpclr12_maxsat.wcnf,23.0
scpclr13_maxsat.wcnf,26.0
scpcyc06_maxsat.wcnf,60.0
scpcyc07_maxsat.wcnf,144.0
scpcyc08_maxsat.wcnf,355.0
scpcyc09_maxsat.wcnf,841.0
scpcyc10_maxsat.wcnf,1933.0
scpcyc11_maxsat.wcnf,4357.0
setcover-sts-data.135.wcnf,103.0
setcover-sts-data.243.wcnf,198.0
setcover-sts-data.405.wcnf,336.0
setcover-sts-data.729.wcnf,617.0
setcover_wt-rail2536.wcnf,724.0
setcover_wt-rail4284.wcnf,1120.0
setcover_wt-rail4872.wcnf,1575.0
setcover_wt-rail507.wcnf,174.0
setcover_wt-rail516.wcnf,182.0
setcover_wt-rail582.wcnf,211.0
shiftdesign_wt-limits-10-10_data-1_inst-084_30m.sm-extracted.wcnf,28414665.0
shiftdesign_wt-limits-10-10_data-1_inst-137_30m.sm-extracted.wcnf,16167552.0
shiftdesign_wt-limits-10-10_data-1_inst-182_30m.sm-extracted.wcnf,14625180.0
shiftdesign_wt-limits-10-10_data-2_inst-003_30m.sm-extracted.wcnf,29513967.0
shiftdesign_wt-limits-10-10_data-2_inst-025_30m.sm-extracted.wcnf,42366243.0
shiftdesign_wt-limits-10-10_data-2_inst-030_30m.sm-extracted.wcnf,33006575.0
shiftdesign_wt-limits-10-10_data-3_inst-002_30m.sm-extracted.wcnf,24222877.0
shiftdesign_wt-limits-10-10_data-3_inst-003_30m.sm-extracted.wcnf,24657583.0
shiftdesign_wt-limits-10-10_data-4_inst-003_60m.sm-extracted.wcnf,9547398.0
simNo_1-s_15-m_300-n_300-fp_0.01-fn_0.20.wcnf,8412990598493466.0
simNo_1-s_5-m_100-n_500-fp_0.0001-fn_0.05.wcnf,600282750277737.0
simNo_2-s_5-m_100-n_500-fp_0.01-fn_0.05.wcnf,877214109995358.0
simNo_2-s_5-m_300-n_300-fp_0.01-fn_0.20.wcnf,1.25227303228587e+16
simNo_6-s_5-m_100-n_500-fp_0.0001-fn_0.20.wcnf,949478456536992.0
simNo_7-s_5-m_100-n_100-fp_0.0001-fn_0.20.wcnf,311429490634944.0
simNo_8-s_5-m_100-n_500-fp_0.0001-fn_0.20.wcnf,660351384442107.0
simNo_9-s_15-m_300-n_300-fp_0.0001-fn_0.20.wcnf,1933421698075122.0
simNo_9-s_5-m_300-n_300-fp_0.0001-fn_0.20.wcnf,1440148752519381.0
soc-livejournal-user-groups.wcnf,86090251.0
socfb-uci-uni.wcnf,-1.0
soy.formula_0.8_2021_atleast_127_max-6_reduced_incomplete_tree.wcnf,5.0
spectre_min.wcnf,89.0
spl.formula_0.8_2021_atleast_63_max-5_reduced_incomplete_tree.wcnf,853.0
spot5_wt-1401.wcsp.log.wcnf,459106.0
spot5_wt-1403.wcsp.dir.wcnf,459246.0
spot5_wt-1403.wcsp.log.wcnf,459246.0
spot5_wt-1405.wcsp.dir.wcnf,459415.0
spot5_wt-1405.wcsp.log.wcnf,459415.0
spot5_wt-1407.wcsp.log.wcnf,459570.0
spot5_wt-1506.wcsp.log.wcnf,354517.0
spot5_wt-5.wcsp.log.wcnf,261.0
staff-scheduling_wt-instance10.wcnf,5095.0
staff-scheduling_wt-instance11.wcnf,3593.0
staff-scheduling_wt-instance12.wcnf,4518.0
staff-scheduling_wt-instance2.wcnf,828.0
staff-scheduling_wt-instance3.wcnf,1002.0
staff-scheduling_wt-instance4.wcnf,1724.0
staff-scheduling_wt-instance5.wcnf,1153.0
staff-scheduling_wt-instance6.wcnf,1963.0
staff-scheduling_wt-instance7.wcnf,1092.0
staff-scheduling_wt-instance8.wcnf,1393.0
staff-scheduling_wt-instance9.wcnf,565.0
str.p_hat1000-1.clq.wcnf,990.0
str.p_hat700-3.clq.wcnf,638.0
sug.atcoss_sugar_04.wcnf,30.0
sug.atcoss_sugar_05.wcnf,10.0
sug.atcoss_sugar_10.wcnf,13.0
sug.atcoss_sugar_15.wcnf,28.0
sug.atcoss_sugar_18.wcnf,12.0
switchingactivitymaximization-SwitchingActivityMaximization_OpenRISC1200_100.wcnf,20.0
switchingactivitymaximization-SwitchingActivityMaximization_OpenRISC1200_150.wcnf,66.0
switchingactivitymaximization-SwitchingActivityMaximization_OpenRISC1200_200.wcnf,107.0
switchingactivitymaximization-SwitchingActivityMaximization_OpenRISC1200_66.wcnf,2.0
switchingactivitymaximization-SwitchingActivityMaximization_OpenRISC1200_68.wcnf,9.0
switchingactivitymaximization-SwitchingActivityMaximization_OpenRISC1200_70.wcnf,6.0
switchingactivitymaximization-SwitchingActivityMaximization_OpenRISC1200_72.wcnf,2.0
switchingactivitymaximization-SwitchingActivityMaximization_OpenRISC1200_74.wcnf,16.0
switchingactivitymaximization-SwitchingActivityMaximization_OpenRISC1200_76.wcnf,10.0
switchingactivitymaximization-SwitchingActivityMaximization_OpenRISC1200_80.wcnf,12.0
switchingactivitymaximization-SwitchingActivityMaximization_OpenRISC1200_90.wcnf,22.0
synplicate_new-synplicate_complete_tree_arity2_feature_4_size_10_ms_0_25_0_erm.wcnf,250.0
synplicate_new-synplicate_complete_tree_arity2_feature_4_size_11_ms_0_25_0_erm.wcnf,224.0
synplicate_new-synplicate_complete_tree_arity2_feature_4_size_6_ms_0_25_0_erm.wcnf,336.0
synplicate_new-synplicate_complete_tree_arity2_feature_4_size_8_ms_0_25_0_erm.wcnf,318.0
synplicate_new-synplicate_complete_tree_arity2_feature_4_size_9_ms_0_25_0_erm.wcnf,281.0
synplicate_new-synplicate_complete_tree_arity3_feature_3_size_10_ms_0_25_0_erm.wcnf,182.0
synplicate_new-synplicate_complete_tree_arity3_feature_3_size_11_ms_0_25_0_erm.wcnf,126.0
synplicate_new-synplicate_complete_tree_arity3_feature_3_size_5_ms_0_25_0_erm.wcnf,311.0
synplicate_new-synplicate_complete_tree_arity3_feature_3_size_8_ms_0_25_0_erm.wcnf,244.0
synplicate_new-synplicate_complete_tree_arity3_feature_4_size_10_ms_0_25_0_erm.wcnf,574.0
synplicate_new-synplicate_complete_tree_arity3_feature_4_size_12_ms_0_25_0_erm.wcnf,606.0
synplicate_new-synplicate_complete_tree_arity3_feature_4_size_5_ms_0_25_0_erm.wcnf,506.0
synplicate_new-synplicate_complete_tree_arity3_feature_4_size_6_ms_0_25_0_erm.wcnf,521.0
synplicate_new-synplicate_complete_tree_arity5_feature_3_size_7_ms_0_25_0_erm.wcnf,472.0
synplicate_new-synplicate_synthetic_dag_run1_14_size_5_ms_0_25_0_erm.wcnf,208.0
synplicate_new-synplicate_synthetic_dag_run1_14_size_6_ms_0_25_0_erm.wcnf,213.0
synplicate_new-synplicate_synthetic_dag_run1_16_size_4_ms_0_25_0_erm.wcnf,147.0
synplicate_new-synplicate_synthetic_dag_run1_17_size_5_ms_0_25_0_erm.wcnf,66.0
synplicate_new-synplicate_synthetic_dag_run2_0_size_10_ms_26_50_0_erm.wcnf,892.0
synplicate_new-synplicate_synthetic_dag_run2_10_size_11_ms_26_50_0_erm.wcnf,518.0
synplicate_new-synplicate_synthetic_dag_run2_11_size_10_ms_26_50_0_erm.wcnf,400.0
synplicate_new-synplicate_synthetic_dag_run2_12_size_8_ms_26_50_0_erm.wcnf,413.0
synplicate_new-synplicate_synthetic_dag_run2_13_size_11_ms_26_50_0_erm.wcnf,567.0
synplicate_new-synplicate_synthetic_dag_run2_16_size_9_ms_26_50_0_erm.wcnf,398.0
synplicate_new-synplicate_synthetic_dag_run2_17_size_10_ms_26_50_0_erm.wcnf,810.0
sysadmin_4_4.wcnf,3.0
sysadmin_5_3.wcnf,5.0
sysadmin_5_4.wcnf,7.0
tcp_students_105_it_2.wcnf,2547.0
tcp_students_105_it_6.wcnf,2994.0
tcp_students_112_it_13.wcnf,2958.0
tcp_students_112_it_5.wcnf,3366.0
tcp_students_112_it_9.wcnf,2955.0
tcp_students_98_it_11.wcnf,2694.0
tcp_students_98_it_14.wcnf,3063.0
tcp_students_98_it_15.wcnf,3141.0
tcp_students_98_it_2.wcnf,2580.0
tcp_wt-tcp_students_112_it_13.wcnf,2958.0
tcp_wt-tcp_students_112_it_2.wcnf,3585.0
tcp_wt-tcp_students_112_it_5.wcnf,3366.0
tcp_wt-tcp_students_91_it_13.wcnf,2730.0
tcp_wt-tcp_students_98_it_11.wcnf,2694.0
test1.wcnf,-1.0
test3.wcnf,97.0
test4.wcnf,134.0
tic.formula_0.8_2021_atleast_15_max-3_reduced_incomplete_adaboost_6.wcnf,496.0
tic.formula_0.8_2021_atleast_15_max-3_reduced_incomplete_tree.wcnf,165.0
tictactoe_train_0_DNF_3_5.wcnf,930.0
tictactoe_train_6_CNF_4_1.wcnf,118.0
timetabling_wt-comp02.wcnf,24.0
timetabling_wt-comp06.wcnf,27.0
timetabling_wt-comp07.lp.sm-extracted.wcnf,3.0
timetabling_wt-comp07.wcnf,6.0
timetabling_wt-comp09.wcnf,96.0
timetabling_wt-comp10.wcnf,4.0
timetabling_wt-comp12.wcnf,396.0
timetabling_wt-comp21.wcnf,74.0
timetabling_wt-test4.wcnf,134.0
titanic_train_4_DNF_4_20.wcnf,4411.0
toms_test_1_CNF_3_10.wcnf,160.0
toms_test_1_DNF_2_1.wcnf,59.0
toms_train_1_CNF_2_1.wcnf,734.0
toms_train_4_DNF_5_1.wcnf,644.0
toms_train_6_DNF_4_5.wcnf,2727.0
tpr-b18-s_PathRelaxation_Set_FS_8.wcnf,145.0
treewidth-computation-TWComp_1c75_N69.wcnf,29.0
treewidth-computation-TWComp_1dj7_N73.wcnf,26.0
treewidth-computation-TWComp_1en2_N69.wcnf,16.0
treewidth-computation-TWComp_eil51.tsp_N51.wcnf,8.0
treewidth-computation-TWComp_mulsol.i.5-pp_N119.wcnf,31.0
treewidth-computation-TWComp_queen5_5_N25.wcnf,18.0
treewidth-computation-TWComp_queen7_7_N49.wcnf,35.0
twitter_test_1_CNF_2_1.wcnf,172.0
twitter_test_4_CNF_3_10.wcnf,695.0
twitter_test_5_CNF_1_20.wcnf,3125.0
uaq-min-nr-nr50-np400-rpp5-nc0-rs0-t0-plb100-n9.wcnf,234.0
uaq-ppr-nr200-nc66-n5-k2-rpp4-ppr10-plb100.wcnf,71.0
uaq-ppr-nr200-nc66-n5-k2-rpp4-ppr11-plb100.wcnf,76.0
uaq-ppr-nr200-nc66-n5-k2-rpp4-ppr12-plb100.wcnf,75.0
uaq-ppr-nr200-nc66-n5-k2-rpp4-ppr13-plb100.wcnf,76.0
uaq-ppr-nr200-nc66-n5-k2-rpp4-ppr14-plb100.wcnf,68.0
uaq-ppr-nr200-nc66-n5-k2-rpp4-ppr6-plb100.wcnf,66.0
uaq-ppr-nr200-nc66-n5-k2-rpp4-ppr8-plb100.wcnf,67.0
uaq-ppr-nr200-nc66-n5-k2-rpp4-ppr9-plb100.wcnf,74.0
uaq-ppr-nr200-nc66-n5-k2-rpp6-ppr10-plb100.wcnf,67.0
uaq-ppr-nr200-nc66-n5-k2-rpp6-ppr11-plb100.wcnf,71.0
uaq-ppr-nr200-nc66-n5-k2-rpp6-ppr12-plb100.wcnf,68.0
uaq-ppr-nr200-nc66-n5-k2-rpp6-ppr13-plb100.wcnf,73.0
uaq-ppr-nr200-nc66-n5-k2-rpp6-ppr14-plb100.wcnf,74.0
uaq-ppr-nr200-nc66-n5-k2-rpp6-ppr5-plb100.wcnf,65.0
uaq-ppr-nr200-nc66-n5-k2-rpp6-ppr6-plb100.wcnf,66.0
uaq-ppr-nr200-nc66-n5-k2-rpp6-ppr7-plb100.wcnf,67.0
uaq-ppr-nr200-nc66-n5-k2-rpp6-ppr8-plb100.wcnf,63.0
uaq-ppr-nr200-nc66-n5-k2-rpp6-ppr9-plb100.wcnf,63.0
unw.MultiDay_2.wcnf,117839.0
unw.MultiDay_3.wcnf,155217.0
unw.MultiDay_4.wcnf,188900.0
unw.SingleDay_15.wcnf,25541.0
unw.SingleDay_3.wcnf,9448.0
unw.SingleDay_37.wcnf,82088.0
unw.Subnetwork_7.wcnf,6393.0
unw.Subnetwork_9.wcnf,7903.0
vio.role_domino_violations_0.15_9.wcnf,56981.0
vio.role_domino_violations_0.25_14.wcnf,85414.0
vio.role_domino_violations_0.25_3.wcnf,86233.0
vio.role_domino_violations_0.75_2.wcnf,186842.0
vio.role_domino_violations_0.7_16.wcnf,183193.0
vio.role_domino_violations_0.7_3.wcnf,181223.0
vio.role_firewall_violations_1_0.95_0.wcnf,855263.0
vio.role_university_violations_0.2_7.wcnf,120955.0
wb_4m8s-problem.dimacs_47.filtered.wcnf,33.0
wb_4m8s-problem.dimacs_49.filtered.wcnf,222.0
wb_4m8s4.dimacs.filtered.wcnf,213.0
wcn.adult_train_3_DNF_1_5.wcnf,24254.0
wcn.heart_train_2_CNF_5_10.wcnf,240.0
wcn.heart_train_6_DNF_3_1.wcnf,42.0
wcn.heart_train_6_DNF_5_5.wcnf,121.0
wcn.ionosphere_train_8_CNF_4_1.wcnf,20.0
wcn.ionosphere_train_8_DNF_5_1.wcnf,23.0
wcn.tictactoe_train_7_DNF_4_1.wcnf,146.0
wcn.titanic_train_7_CNF_5_15.wcnf,3262.0
wcn.titanic_train_8_CNF_5_10.wcnf,2201.0
wcn.toms_test_4_CNF_3_1.wcnf,58.0
wdbc_train_7_DNF_5_1.wcnf,21.0
we.wcnf,209.0
web-wikipedia2009.wcnf,26848127.0
wei.MultiDay_1_weighted.wcnf,74270.0
wei.MultiDay_2_weighted.wcnf,464813.0
wei.MultiDay_3_weighted.wcnf,1057087.0
wei.MultiDay_4_weighted.wcnf,2021936.0
wei.SingleDay_15_weighted.wcnf,3638476.0
wei.SingleDay_37_weighted.wcnf,44432889.0
wg2.wcnf,78.0
xai-mindset2-australian.wcnf,471.0
xai-mindset2-bnn-last-layer-f10.wcnf,1120.0
xai-mindset2-bupa.wcnf,294.0
xai-mindset2-cleve.wcnf,203.0
xai-mindset2-cleveland-nominal.wcnf,228.0
xai-mindset2-colic.wcnf,152.0
xai-mindset2-ecoli.wcnf,510.0
xai-mindset2-heart-h.wcnf,172.0
xai-mindset2-house-votes-84.wcnf,74.0
xai-mindset2-lymphography.wcnf,52.0
xai-mindset2-postoperative-patient-data.wcnf,62.0
xai-mindset2-shuttleM.wcnf,127.0
xai-mindset2-soybean.wcnf,190.0
